CustomerID,Recency,Frequency,Monetary,Cluster
12346,325,1,77183.6,2
12747,1,11,4196.01,3
12748,0,209,33719.73,2
12749,3,5,4090.88,1
12820,2,4,942.34,1
12821,213,1,92.72,0
12822,70,2,948.88,1
12823,74,5,1759.5,1
12824,59,1,397.12,1
12826,2,7,1474.72,1
12827,5,3,430.15,1
12828,2,6,1018.71,1
12829,336,2,293.0,0
12830,37,6,6814.64,1
12831,261,1,215.05,0
12832,31,2,383.03,1
12833,144,1,417.38,0
12834,282,1,312.38,0
12836,58,4,2612.86,1
12837,172,1,134.1,0
12838,33,2,683.13,1
12839,2,14,5591.42,3
12840,143,4,2726.77,1
12841,4,25,4022.35,3
12842,69,2,1118.99,1
12843,65,8,1702.26,1
12844,28,2,325.96000000000004,1
12845,266,4,354.09000000000003,0
12847,21,1,871.54,1
12849,30,2,1050.89,1
12851,96,1,135.18,1
12852,294,1,311.55,0
12853,134,6,1957.1,1
12854,78,3,1324.5,1
12855,372,1,38.1,0
12856,7,6,2179.93,1
12857,210,2,1106.4,0
12863,51,1,521.2,1
12864,137,1,147.12,1
12867,25,7,4036.82,1
12868,185,6,1607.0600000000002,0
12871,83,2,380.64,1
12872,326,2,599.97,0
12873,281,1,374.0,0
12875,142,2,343.2300000000001,1
12877,3,12,1535.77,3
12878,235,2,854.99,0
12879,44,3,573.22,1
12881,275,1,298.0,0
12882,8,2,1463.04,1
12883,24,4,703.47,1
12884,87,1,309.05,1
12885,62,3,1175.22,1
12886,67,2,1378.4,1
12888,213,2,354.12,0
12890,23,1,380.47,1
12891,185,3,331.0,0
12893,30,1,188.14,1
12895,41,2,372.8,1
12897,204,2,216.5,0
12901,8,28,17654.54,3
12902,264,1,138.68,0
12904,17,2,509.58,1
12906,11,5,2919.81,1
12908,175,2,750.0,0
12909,39,5,2178.67,1
12910,22,8,3075.04,1
12912,2,5,1662.3,1
12913,4,5,2483.63,1
12915,148,2,363.65,0
12916,138,4,3006.15,1
12917,127,1,594.0,1
12919,7,6,1335.19,1
12920,16,1,164.23,1
12921,8,37,16587.09,3
12922,160,1,405.38,0
12923,63,1,176.97,1
12924,87,4,933.7,1
12925,4,2,694.05,1
12928,34,5,2062.7,1
12929,311,1,117.85,0
12930,77,2,415.8,1
12931,21,15,42055.96,3
12933,23,3,607.53,1
12935,1,7,2160.7,1
12936,16,4,1063.9,1
12937,14,4,1504.27,1
12938,25,1,114.14,1
12939,63,8,11581.8,3
12940,54,2,913.54,1
12942,130,3,683.9,1
12944,35,2,604.51,1
12945,287,1,462.95,0
12947,143,6,1603.99,1
12948,15,7,2064.95,1
12949,30,8,4167.22,1
12950,1,3,1843.0,1
12951,8,6,1064.07,1
12952,5,4,1387.79,1
12953,9,1,329.85,1
12955,0,11,4757.16,3
12956,305,1,108.07,0
12957,9,8,4017.54,1
12962,6,2,266.39,1
12963,7,8,1856.63,1
12965,88,1,771.91,1
12966,9,1,160.18,1
12967,357,2,1660.9,0
12968,111,1,135.95,1
12970,6,4,452.24,1
12971,3,86,11189.91,2
12974,197,1,144.8,0
12976,211,1,738.6,0
12977,155,1,39.24,0
12980,157,9,7374.900000000001,1
12981,29,2,372.22,1
12982,242,1,390.54,0
12984,18,1,97.5,1
12985,0,2,1239.38,1
12987,73,2,558.7,1
12988,291,1,535.32,0
12989,2,15,6924.11,3
12990,30,3,409.5,1
12991,22,2,503.76,1
12993,22,4,414.76,1
12994,3,3,974.42,1
12995,84,1,211.32,1
12997,21,4,1226.89,1
12999,195,3,455.88,0
13000,106,3,534.85,1
13001,3,13,9818.82,3
13002,317,1,120.95,0
13003,105,3,149.05,1
13004,11,18,5655.91,3
13005,173,2,513.7,0
13006,55,1,81.57,1
13008,322,1,229.47,0
13011,371,1,50.55,0
13012,8,8,1661.84,1
13013,0,13,4810.9400000000005,3
13014,10,10,3466.28,1
13015,52,5,3346.28,1
13016,72,3,789.89,1
13017,6,1,204.0,1
13018,15,28,7277.7,3
13021,3,9,2616.38,1
13023,63,2,689.9,1
13026,0,5,975.36,1
13027,113,6,6912.0,1
13028,22,2,661.3199999999999,1
13029,30,3,1247.5,1
13030,10,2,799.48,1
13032,51,2,1010.18,1
13033,356,1,190.55,0
13034,54,2,642.77,1
13035,73,2,921.88,1
13037,137,3,881.07,1
13038,79,3,908.46,1
13040,8,2,676.99,1
13043,272,1,516.42,0
13044,290,1,560.47,0
13045,98,1,305.28000000000003,1
13046,30,2,629.31,1
13047,31,10,3237.54,1
13048,13,4,1835.91,1
13049,63,2,656.6800000000001,1
13050,14,17,5836.86,3
13052,211,1,348.15000000000003,0
13055,77,3,1214.41,1
13058,24,3,271.40000000000003,1
13059,249,1,183.4,0
13060,253,1,307.53000000000003,0
13061,71,1,248.61,1
13062,190,1,346.98,0
13064,12,4,1119.49,1
13065,372,1,205.86,0
13066,23,2,470.8,1
13067,81,1,115.46,1
13068,9,2,344.0,1
13069,0,24,4436.12,3
13070,191,1,228.8,0
13072,266,1,177.15,0
13075,129,1,919.61,1
13077,0,4,729.27,1
13078,2,26,12627.94,3
13079,3,5,220.1,1
13080,178,1,58.08,0
13081,11,11,28337.38,3
13082,125,9,3613.63,1
13083,3,2,303.75,1
13085,157,2,416.08,0
13089,2,97,58825.83,2
13090,8,14,8910.82,3
13091,27,1,345.82,1
13092,70,5,477.83,1
13093,275,8,7832.47,0
13094,20,12,1927.32,3
13095,70,1,74.39999999999999,1
13097,32,10,6010.42,3
13098,0,28,28882.44,3
13099,98,1,207.36,1
13101,233,1,101.19,0
13102,0,24,6424.09,3
13103,39,1,243.94,1
13104,2,6,1098.48,1
13106,132,1,76.5,1
13107,43,4,1531.62,1
13108,372,1,350.06,0
13109,59,2,786.54,1
13110,30,7,1488.67,1
13113,0,24,12245.96,3
13115,11,4,2294.78,1
13116,137,1,501.14,1
13117,21,8,984.91,1
13118,19,5,1197.81,1
13120,238,1,30.6,0
13121,268,1,283.73,0
13122,93,2,922.39,1
13124,89,3,3866.33,1
13126,4,8,2099.64,1
13127,77,1,259.17,1
13130,93,1,64.0,1
13131,22,3,1073.3,1
13132,261,1,77.3,0
13133,273,2,109.8,0
13134,85,4,1793.58,1
13135,196,1,3096.0,0
13136,55,5,2607.61,1
13137,10,8,3650.41,1
13138,21,6,962.39,1
13139,15,7,5064.9400000000005,1
13140,107,3,423.72,1
13141,84,5,2388.75,1
13142,18,1,307.09000000000003,1
13144,332,1,110.95,0
13145,39,4,618.52,1
13146,25,1,228.91,1
13147,9,4,712.8,1
13148,28,12,3707.12,3
13149,13,4,1676.06,1
13151,295,1,1257.87,0
13153,5,1,486.22,1
13155,32,4,971.76,1
13157,48,4,1741.22,1
13158,94,4,1201.06,1
13159,8,4,1437.85,1
13160,21,1,91.8,1
13161,312,1,112.75,0
13162,121,4,1688.29,1
13165,45,2,1021.48,1
13166,282,1,417.2,0
13167,18,4,791.33,1
13168,35,4,1319.19,1
13169,63,2,712.88,1
13170,26,1,116.01,1
13171,21,3,468.41,1
13173,3,2,353.65000000000003,1
13174,15,3,2817.03,1
13176,45,1,492.84,1
13177,64,1,282.45,1
13178,25,11,5725.47,3
13182,44,1,121.18,1
13183,7,9,3957.78,1
13184,14,10,1701.29,1
13185,267,1,71.4,0
13186,39,3,1575.89,1
13187,336,1,236.02,0
13188,10,1,114.6,1
13189,18,2,260.68,1
13192,94,2,911.94,1
13193,60,1,117.88,1
13194,135,1,60.7,1
13196,10,4,1797.78,1
13198,9,6,3401.24,1
13199,3,38,9817.12,3
13200,18,4,870.09,1
13203,9,4,869.46,1
13207,14,2,250.26,1
13208,58,6,1223.9,1
13209,29,8,5891.61,1
13210,93,1,353.48,1
13211,9,3,1197.42,1
13212,19,3,788.08,1
13213,56,5,1520.58,1
13216,267,1,333.74,0
13217,121,3,533.98,1
13218,126,1,62.64,1
13220,77,4,819.2900000000001,1
13221,239,2,847.41,0
13223,199,2,163.2,0
13224,59,2,2155.95,1
13225,2,7,6463.84,1
13226,272,1,108.21,0
13227,201,1,257.7,0
13228,80,1,358.0,1
13229,225,1,160.95,0
13230,3,14,2806.97,3
13232,12,7,1357.6,1
13233,73,2,605.12,1
13235,211,1,1031.07,0
13236,23,2,744.85,1
13238,16,4,700.73,1
13239,261,1,329.56,0
13240,95,4,663.65,1
13242,111,3,270.40000000000003,1
13243,202,1,600.07,0
13244,92,1,121.74,1
13245,50,1,430.5,1
13246,17,6,1987.3,1
13247,17,4,501.12,1
13248,124,2,465.68,1
13249,91,3,711.41,1
13253,156,2,1030.4,0
13255,8,2,399.51,1
13258,11,3,698.5799999999999,1
13259,61,1,292.32,1
13260,60,1,557.62,1
13261,268,2,944.1,0
13262,262,1,200.29,0
13263,0,35,7454.07,3
13265,52,5,2107.66,1
13266,10,12,3834.26,3
13267,2,19,4521.49,3
13268,17,11,3214.69,3
13269,0,15,5346.2300000000005,3
13270,365,1,590.0,0
13271,36,1,217.38,1
13272,30,2,276.56,1
13273,112,1,138.98,1
13276,63,2,590.9300000000001,1
13277,15,4,258.4,1
13278,40,1,542.73,1
13279,77,1,137.75,1
13280,121,3,814.86,1
13282,17,3,1132.14,1
13283,59,2,93.66,1
13284,330,1,201.19,0
13285,22,4,2709.12,1
13291,155,1,361.11,0
13292,38,2,578.94,1
13294,189,2,873.74,0
13295,359,1,201.2,0
13296,136,1,87.4,1
13297,7,4,2089.85,1
13298,0,1,360.0,1
13299,267,1,142.5,0
13300,168,1,371.89,0
13301,103,4,618.09,1
13302,154,1,63.75,0
13304,350,1,300.42,0
13305,3,10,2000.86,1
13307,119,1,15.0,1
13308,22,3,1385.51,1
13309,6,5,1456.79,1
13310,27,3,1132.03,1
13311,3,2,598.57,1
13313,21,5,1555.3200000000002,1
13314,1,3,775.94,1
13316,36,4,5977.73,1
13317,65,6,2273.68,1
13318,0,3,640.76,1
13319,4,26,10845.55,3
13320,77,4,1548.7,1
13321,71,2,567.36,1
13322,16,1,199.48,1
13323,2,5,787.85,1
13324,35,10,7121.95,3
13325,81,1,675.3,1
13327,38,8,3627.77,1
13328,315,1,1308.48,0
13329,31,2,789.0,1
13330,92,3,1140.93,1
13332,13,1,350.90000000000003,1
13334,81,3,3536.82,1
13336,76,1,795.12,1
13338,157,1,487.02,0
13339,200,1,860.12,0
13340,44,7,10736.48,1
13341,260,1,775.85,0
13343,177,1,353.43,0
13344,67,3,2543.7200000000003,1
13345,287,1,389.5,0
13347,69,1,341.36,1
13348,63,1,233.76,1
13349,10,1,247.32,1
13350,15,2,979.12,1
13351,65,1,373.94,1
13352,59,1,397.98,1
13354,70,1,743.53,1
13355,121,1,674.7,1
13356,79,1,768.24,1
13357,256,1,609.95,0
13358,268,1,439.03,0
13359,63,1,439.56,1
13362,8,4,3090.74,1
13363,17,2,992.5,1
13364,70,1,134.96,1
13365,33,2,2225.37,1
13366,49,1,56.16,1
13368,256,2,623.4,0
13369,365,1,308.28000000000003,0
13370,371,1,754.87,0
13372,89,1,378.64,1
13373,60,3,3312.25,1
13375,88,1,778.65,1
13376,98,3,1019.76,1
13379,25,3,572.56,1
13381,31,6,3639.31,1
13382,280,1,222.99,0
13384,30,7,4151.93,1
13385,329,1,534.57,0
13388,130,2,677.1,1
13389,10,3,797.96,1
13390,74,1,544.08,1
13391,203,1,59.8,0
13394,1,8,2520.02,1
13395,184,1,307.72,0
13396,28,2,1360.99,1
13397,72,5,1544.13,1
13398,191,1,457.34,0
13402,126,2,621.23,1
13403,17,1,75.0,1
13404,0,2,252.49,1
13405,73,3,572.451,1
13408,1,62,28117.04,2
13410,23,5,1003.06,1
13411,106,1,213.55,1
13414,133,3,1390.5,1
13416,43,2,712.5,1
13417,4,2,640.83,1
13418,11,18,6127.43,3
13419,63,1,221.06,1
13420,149,2,159.85,0
13421,39,2,1851.08,1
13422,63,1,2626.3,1
13425,107,3,1624.21,1
13426,0,10,3641.32,1
13427,18,3,582.6,1
13428,9,1,218.47,1
13429,10,4,1006.8,1
13430,18,2,679.45,1
13431,66,2,1269.1,1
13434,73,2,534.24,1
13435,4,7,3809.89,1
13436,1,1,196.89,1
13437,13,7,3408.06,1
13439,254,1,283.71,0
13441,91,1,296.64,1
13447,22,3,1129.14,1
13448,16,6,3539.3700000000003,1
13449,23,1,291.88,1
13450,26,6,2043.72,1
13451,25,5,2976.15,1
13452,258,2,590.0,0
13453,165,2,356.98,0
13455,24,2,1058.34,1
13456,17,6,1766.72,1
13458,6,14,9646.57,3
13460,28,2,183.44,1
13461,38,3,1445.0,1
13462,252,1,151.5,0
13464,57,1,674.68,1
13466,183,1,307.90000000000003,0
13467,10,2,1083.71,1
13468,1,37,5704.97,3
13470,98,2,165.0,1
13471,0,4,2531.58,1
13473,60,2,422.64,1
13474,235,1,229.59,0
13475,190,4,1431.78,0
13476,178,2,1238.47,0
13477,37,6,1454.58,1
13479,200,2,300.95,0
13481,45,5,1804.56,1
13482,231,1,184.64,0
13483,65,1,140.34,1
13484,240,1,313.8,0
13485,232,1,454.24,0
13486,77,3,1122.41,1
13487,57,3,575.4,1
13488,16,13,8968.31,3
13489,104,4,449.52,1
13491,51,10,1215.82,1
13494,311,1,316.26000000000005,0
13495,7,5,2044.87,1
13496,10,2,653.33,1
13497,282,2,348.05,0
13499,17,5,1159.11,1
13500,22,3,1166.77,1
13502,16,3,292.0,1
13503,70,1,216.85,1
13504,63,1,295.93,1
13506,315,2,458.52,0
13507,2,4,2479.16,1
13508,243,1,110.97,0
13509,8,7,979.72,1
13510,0,4,1791.56,1
13512,260,1,251.21,0
13513,126,1,205.1,1
13514,73,1,152.20000000000002,1
13515,72,4,891.12,1
13516,20,3,1389.41,1
13517,59,3,2128.42,1
13518,85,1,659.44,1
13519,77,1,122.75,1
13521,0,3,1093.65,1
13522,29,1,125.8,1
13523,32,5,3964.88,1
13524,40,5,680.1800000000001,1
13525,14,2,628.78,1
13527,33,7,2287.51,1
13529,78,2,307.76,1
13531,204,2,483.8,0
13532,33,1,210.31,1
13533,182,3,270.79,0
13534,1,25,5870.08,3
13536,0,7,3448.29,1
13538,42,7,1280.85,1
13539,85,3,631.34,1
13544,39,2,291.41,1
13546,11,3,626.99,1
13548,95,2,682.41,1
13549,25,7,918.2,1
13551,318,1,91.8,0
13552,65,12,3740.07,3
13555,73,4,4149.28,1
13557,27,2,584.0600000000001,1
13558,5,4,605.06,1
13560,6,1,174.37,1
13561,215,1,141.86,0
13562,81,3,1799.3300000000002,1
13563,83,2,777.53,1
13564,143,3,1749.02,1
13565,18,2,240.22,1
13566,40,2,874.71,1
13568,172,1,192.85,0
13569,16,2,373.75,1
13570,242,1,239.49,0
13571,12,12,2092.32,3
13572,205,1,1384.25,0
13573,49,2,294.40000000000003,1
13575,22,5,732.07,1
13576,9,18,6717.34,3
13577,24,4,1687.6,1
13579,14,2,467.04,1
13581,308,1,118.0,0
13583,155,1,781.03,0
13584,306,1,142.4,0
13587,63,1,712.4,1
13588,15,9,2478.95,1
13589,14,2,379.65,1
13590,10,6,1981.92,1
13591,64,3,1117.13,1
13592,35,4,247.96,1
13593,107,5,2037.08,1
13594,52,1,396.97,1
13596,5,2,697.04,1
13598,46,1,180.17,1
13599,0,21,5153.67,3
13600,311,1,219.52,0
13601,44,2,693.32,1
13602,64,1,428.89,1
13603,25,1,164.34,1
13606,28,3,280.54,1
13607,39,1,678.01,1
13610,11,7,1131.88,1
13611,88,3,1171.8,1
13614,23,4,1610.46,1
13615,318,1,417.69,0
13617,39,3,544.18,1
13618,173,1,177.34,0
13621,116,1,213.85,1
13623,30,5,747.78,1
13626,252,1,257.23,0
13627,58,5,1638.47,1
13629,22,11,7792.36,3
13630,4,7,2031.78,1
13631,99,11,3070.42,1
13632,24,5,2121.27,1
13634,32,5,1575.16,1
13635,67,1,1071.03,1
13636,36,5,949.12,1
13637,51,3,810.5,1
13638,15,1,122.64,1
13639,73,1,1033.34,1
13642,215,1,354.8,0
13643,30,3,519.44,1
13644,15,4,2624.26,1
13645,119,1,252.1,1
13647,9,4,1678.12,1
13649,256,2,346.6,0
13650,16,6,1836.34,1
13651,34,2,94.2,1
13652,45,3,1095.08,1
13654,42,6,2707.33,1
13655,113,2,932.97,1
13656,164,2,379.65,0
13657,10,2,382.14,1
13658,9,5,2639.17,1
13659,205,2,1573.2,0
13662,85,3,897.76,1
13663,178,1,189.47,0
13666,59,3,84.65,1
13667,148,1,305.02,0
13668,2,21,6363.59,3
13669,50,2,218.55,1
13670,74,1,349.7,1
13672,300,2,186.39,0
13673,18,2,396.92,1
13675,150,2,486.8200000000001,0
13678,151,1,232.6,0
13680,0,4,3722.42,1
13681,17,4,827.83,1
13682,186,1,59.5,0
13684,285,1,67.23,0
13685,2,7,3119.44,1
13686,182,1,72.0,0
13689,62,1,910.0,1
13690,58,1,172.25,1
13692,24,3,1488.32,1
13694,3,50,65039.62,2
13695,30,15,2504.13,3
13697,38,1,151.3,1
13699,154,1,308.58000000000004,0
13700,25,10,2265.12,1
13703,317,1,99.5,0
13704,4,9,2308.06,1
13705,7,3,711.86,1
13706,302,1,330.79,0
13707,266,2,806.41,0
13708,270,1,296.88,0
13709,3,13,6328.05,3
13710,31,1,180.48,1
13711,218,2,252.06,0
13712,246,1,228.84,0
13715,280,5,1079.34,0
13716,268,1,138.28,0
13717,31,6,1445.01,1
13718,245,2,306.55,0
13719,14,5,1041.68,1
13720,116,4,799.9,1
13721,35,1,524.14,1
13722,131,3,2375.41,1
13723,216,1,199.85,0
13725,49,8,1980.56,1
13726,38,2,1079.66,1
13727,28,2,333.48,1
13728,36,6,1016.14,1
13730,135,2,752.6,1
13731,218,2,610.59,0
13732,27,1,491.86,1
13735,24,4,2885.24,1
13736,4,2,731.9,1
13737,199,1,339.6,0
13739,17,1,216.9,1
13740,240,1,350.75,0
13741,71,3,668.4300000000001,1
13742,16,12,3131.02,3
13743,2,7,1341.6,1
13744,94,2,1156.36,1
13745,161,1,300.04,0
13747,373,1,79.6,0
13748,95,5,948.25,1
13750,53,5,1647.26,1
13751,287,1,296.25,0
13752,123,6,1186.28,1
13753,287,1,741.26,0
13754,151,2,282.6,0
13755,3,9,2161.35,1
13756,1,14,5189.52,3
13758,11,7,3190.55,1
13759,32,2,659.4100000000001,1
13760,53,2,286.79,1
13761,49,2,1070.65,1
13762,218,1,306.72,0
13763,62,1,1714.96,1
13764,70,3,1521.76,1
13767,1,37,17220.36,3
13769,1,10,2796.51,1
13771,63,4,2634.45,1
13772,33,3,1132.13,1
13774,81,1,345.0,1
13777,0,33,25977.16,3
13778,102,1,178.7,1
13780,6,2,360.01,1
13781,250,1,127.84,0
13782,12,6,912.0,1
13784,9,11,2462.79,3
13786,366,1,230.4,0
13787,75,2,309.04,1
13790,3,1,348.79999999999995,1
13791,127,2,1516.0,1
13792,65,2,195.55,1
13798,0,57,37153.85,2
13799,116,2,688.86,1
13800,309,1,558.32,0
13801,66,1,324.8,1
13802,138,3,4599.42,1
13803,254,1,277.07,0
13804,30,7,2635.79,1
13805,51,2,924.6,1
13806,63,1,256.38,1
13807,366,1,112.6,0
13808,5,5,1747.66,1
13819,301,3,1140.35,0
13821,144,2,385.64,0
13822,5,2,632.0,1
13823,18,2,957.66,1
13824,32,5,1698.94,1
13826,175,1,189.5,0
13827,57,3,412.05,1
13828,21,1,209.49,1
13831,15,6,2202.99,1
13832,18,1,52.2,1
13833,158,1,384.8,0
13835,24,4,834.57,1
13837,211,2,271.24,0
13838,5,4,691.73,1
13841,252,1,85.0,0
13842,58,9,3385.62,1
13844,10,1,361.62,1
13845,64,1,312.98,1
13846,24,3,865.0600000000001,1
13848,91,3,1255.0,1
13849,51,2,1537.95,1
13850,128,1,1595.48,1
13851,95,3,2651.46,1
13853,56,1,1090.14,1
13854,8,25,8109.519999999999,3
13856,168,3,388.5,0
13858,56,1,216.17,1
13859,325,1,201.16,0
13860,0,5,1245.9,1
13862,17,8,2209.36,1
13863,247,1,305.78,0
13865,57,4,501.56,1
13866,73,1,145.67,1
13867,30,3,1015.29,1
13868,6,2,3192.54,1
13869,122,4,3104.9500000000003,1
13870,1,8,2770.94,1
13871,22,13,6403.25,3
13873,119,3,389.6,1
13874,357,1,540.45,0
13875,53,5,1786.79,1
13876,63,1,122.7,1
13877,85,1,117.24,1
13878,54,1,1281.53,1
13880,20,13,3219.77,3
13881,2,20,17159.52,3
13882,2,5,1191.13,1
13883,10,5,2674.48,1
13884,6,5,787.6,1
13885,188,2,506.8,0
13886,70,1,243.56,1
13887,203,1,349.55,0
13888,119,2,605.63,1
13889,92,1,416.9,1
13890,0,10,1883.81,1
13892,26,4,632.97,1
13893,297,1,821.1,0
13894,23,3,564.62,1
13895,27,4,2593.07,1
13897,49,1,311.16,1
13898,325,1,155.93,0
13899,15,2,388.52,1
13900,182,3,740.95,0
13901,71,5,2867.2000000000003,1
13904,36,2,332.64,1
13908,79,4,2369.55,1
13911,56,9,2580.91,1
13914,11,2,626.45,1
13917,49,2,272.04,1
13918,49,2,1212.84,1
13922,351,1,172.25,0
13923,53,1,351.13,1
13924,1,6,1838.85,1
13925,92,4,678.25,1
13926,22,1,223.85,1
13927,74,1,348.99,1
13928,10,4,464.57,1
13929,168,2,842.65,0
13930,57,2,337.34,1
13931,95,2,1237.53,1
13932,294,1,307.4,0
13933,108,2,608.79,1
13934,263,1,922.1,0
13936,179,1,376.58,0
13937,168,1,158.85,0
13938,34,1,71.66,1
13939,22,3,568.55,1
13940,16,4,839.14,1
13941,21,5,5112.96,1
13946,78,3,561.57,1
13947,64,1,90.6,1
13948,360,1,102.0,0
13949,2,6,2427.32,1
13950,10,4,745.0600000000001,1
13951,175,3,674.45,0
13952,217,2,3251.071,0
13953,6,7,3515.68,1
13954,0,2,439.92,1
13955,153,2,322.96,0
13956,4,5,1026.42,1
13959,78,3,598.2,1
13960,20,2,230.22,1
13962,21,2,169.54999999999998,1
13963,307,4,664.54,0
13967,145,1,80.7,0
13969,6,18,9053.94,3
13971,18,8,2758.26,1
13972,70,2,190.25,1
13973,286,1,264.7,0
13974,48,1,413.59,1
13975,30,6,2526.28,1
13976,206,1,357.98,0
13978,14,2,196.79,1
13979,72,1,869.87,1
13980,59,1,200.14,1
13982,38,4,1871.81,1
13983,29,12,2603.43,3
13984,26,5,920.51,1
13985,3,15,7060.13,3
13986,16,1,320.46,1
13988,19,6,4147.96,1
13989,65,2,1266.08,1
13990,212,1,311.3,0
13991,11,6,855.97,1
13992,29,1,76.8,1
13993,42,9,3466.36,1
13994,3,6,2313.14,1
13995,14,5,1393.69,1
13999,9,12,3901.81,3
14000,210,1,635.66,0
14001,45,3,2043.08,1
14002,133,2,529.73,1
14004,42,7,4582.64,1
14005,9,5,2874.72,1
14006,115,3,962.19,1
14009,197,2,695.61,0
14012,277,1,328.8,0
14013,109,3,473.02,1
14014,76,1,505.18,1
14015,52,1,917.34,1
14019,46,3,1421.61,1
14020,16,2,642.8,1
14021,154,3,631.9,0
14022,224,1,440.0,0
14023,6,2,584.07,1
14024,121,2,327.7,1
14027,60,1,104.82,1
14029,62,2,467.66,1
14030,17,8,2360.09,1
14031,6,19,17286.86,3
14032,1,11,2975.59,3
14034,21,3,651.8199999999999,1
14035,28,5,1428.02,1
14036,284,1,626.65,0
14037,175,2,147.20000000000002,0
14038,77,3,1560.38,1
14039,32,1,152.2,1
14040,40,12,3614.92,3
14041,265,1,141.41,0
14044,26,4,652.82,1
14045,108,4,1659.75,1
14046,283,1,154.99,0
14047,8,5,1308.61,1
14048,304,1,409.93,0
14049,16,4,5681.72,1
14050,31,2,746.36,1
14051,0,23,15610.39,3
14052,19,1,225.36,1
14053,123,2,260.25,1
14054,64,1,92.46,1
14055,105,1,725.6400000000001,1
14056,0,23,8214.65,3
14057,23,17,6217.96,3
14059,266,1,183.6,0
14060,4,19,6140.42,3
14062,9,12,10464.85,3
14064,28,5,1353.74,1
14066,266,1,152.55,0
14067,63,2,374.7,1
14068,319,1,265.85,0
14071,3,8,1438.82,1
14073,31,1,151.04,1
14075,4,3,942.26,1
14076,128,1,122.47,1
14077,40,5,499.42,1
14078,101,6,1049.37,1
14079,124,1,375.1,1
14080,32,1,45.6,1
14081,301,2,934.52,0
14082,364,1,182.25,0
14083,3,9,1018.43,1
14085,1,18,4448.54,3
14087,2,1,194.42,1
14088,9,13,50491.81,3
14089,56,1,161.0,1
14090,324,1,76.32000000000001,0
14092,7,14,4076.91,3
14093,11,1,442.85,1
14096,3,17,65164.79,2
14098,36,1,147.35,1
14099,15,11,3104.17,3
14100,137,1,194.9,1
14101,73,6,5976.79,1
14102,4,5,1360.28,1
14104,153,2,216.21,0
14105,238,1,1266.23,0
14107,51,7,2703.23,1
14108,30,2,597.91,1
14109,72,1,144.2,1
14110,3,12,5683.15,3
14111,13,4,692.85,1
14112,22,7,2915.15,1
14113,3,4,1840.42,1
14114,273,2,386.53,0
14116,19,5,1382.74,1
14117,143,1,90.0,0
14121,3,4,2780.15,1
14124,83,1,419.58,1
14125,10,3,2740.43,1
14126,7,3,706.1300000000001,1
14127,122,3,709.71,1
14128,60,2,637.5,1
14129,1,5,1123.86,1
14130,318,1,483.86,0
14132,1,11,3586.03,3
14133,129,3,605.64,1
14135,1,15,4690.31,3
14138,1,2,982.38,1
14139,45,1,415.82,1
14140,3,2,935.05,1
14141,2,4,915.13,1
14142,372,1,311.81,0
14143,133,1,115.8,1
14145,46,4,3742.2,1
14146,8,5,4191.0,1
14147,77,2,483.4,1
14148,233,1,157.2,0
14149,220,1,446.62,0
14150,35,2,658.64,1
14152,74,2,621.29,1
14154,238,2,1345.62,0
14155,265,1,118.75,0
14157,19,2,432.88,1
14158,39,1,507.66,1
14159,19,11,4693.01,3
14161,215,3,1110.52,0
14162,173,2,289.36,0
14163,86,4,2445.91,1
14164,70,2,1631.77,1
14165,275,1,122.54,0
14167,38,4,574.84,1
14171,97,1,363.79,1
14173,10,4,450.84,1
14174,32,1,134.46,1
14175,59,3,3222.3,1
14176,296,4,576.9000000000001,0
14177,85,4,559.41,1
14178,8,7,1620.93,1
14179,40,2,719.78,1
14180,10,25,4748.52,3
14184,66,1,452.89,1
14185,330,1,197.65,0
14188,30,6,2054.36,1
14189,1,15,4654.08,3
14191,1,13,4684.76,3
14193,67,2,853.39,1
14194,4,21,11349.52,3
14195,201,2,1012.0,0
14196,106,1,335.52,1
14198,17,4,701.4,1
14199,217,1,185.4,0
14201,59,7,747.44,1
14204,1,1,161.03,1
14205,16,2,466.7,1
14206,238,1,328.16,0
14208,94,1,151.74,1
14209,10,6,2073.43,1
14210,105,6,1905.84,1
14211,52,9,2241.1,1
14212,89,1,1070.48,1
14214,30,5,1004.38,1
14215,11,6,1789.72,1
14216,2,4,1839.3,1
14217,1,17,2004.98,3
14218,42,1,169.48000000000002,1
14219,3,1,89.94,1
14220,246,2,632.4000000000001,0
14221,41,9,3432.8,1
14222,176,1,683.17,0
14223,91,3,991.13,1
14224,109,4,1050.12,1
14226,28,5,2232.19,1
14227,25,10,3350.96,1
14229,51,3,1547.2,1
14231,183,3,925.71,0
14232,42,5,2048.07,1
14233,48,4,1462.72,1
14234,21,4,775.46,1
14235,74,5,3144.86,1
14236,80,2,490.86,1
14237,372,1,161.0,0
14238,325,1,146.85,0
14239,42,11,2380.85,1
14240,29,2,890.34,1
14241,183,1,213.7,0
14242,234,2,280.55,0
14243,8,10,2588.77,1
14245,219,2,1693.45,0
14246,110,3,1474.06,1
14247,277,1,136.77,0
14248,317,1,302.58,0
14250,6,3,1904.05,1
14251,1,5,2879.7000000000003,1
14256,259,2,969.06,0
14257,63,5,3099.7200000000003,1
14258,8,9,12669.98,3
14259,141,1,120.0,1
14261,50,2,1163.45,1
14262,7,8,2618.23,1
14264,154,2,333.97,0
14267,162,3,1516.24,0
14270,331,1,492.65,0
14271,225,1,112.32,0
14272,73,2,437.96,1
14273,50,4,559.97,1
14276,98,3,1119.74,1
14280,196,1,134.04,0
14282,2,15,3729.34,3
14284,30,2,595.25,1
14285,20,4,1910.01,1
14286,23,3,4628.75,1
14287,7,3,176.63,1
14288,212,1,426.6,0
14289,8,6,911.26,1
14290,10,5,2314.65,1
14291,1,11,3883.25,3
14292,7,9,4871.93,1
14293,2,4,1046.56,1
14295,39,1,166.20000000000002,1
14297,17,4,1305.33,1
14298,7,44,51527.3,2
14299,7,9,3965.62,1
14300,18,1,43.2,1
14301,116,1,640.14,1
14304,222,1,383.45,0
14305,70,3,1858.96,1
14306,50,2,2093.32,1
14307,88,6,2995.7200000000003,1
14309,7,9,2352.53,1
14311,242,1,310.26,0
14312,46,6,1611.59,1
14314,106,1,120.0,1
14315,44,6,2481.13,1
14317,64,1,508.58,1
14320,206,2,477.79,0
14321,10,5,1530.75,1
14323,114,2,605.0600000000001,1
14326,241,1,183.85,0
14327,162,1,311.65000000000003,0
14329,16,7,5014.84,1
14331,123,2,462.66,1
14332,22,3,866.3100000000001,1
14333,67,1,415.2,1
14334,16,8,2552.21,1
14336,16,4,1614.91,1
14338,160,2,588.22,0
14339,242,1,309.52000000000004,0
14340,218,1,134.7,0
14341,44,8,2182.28,1
14342,20,4,668.5600000000001,1
14344,126,8,889.9300000000001,1
14345,38,1,108.98,1
14346,120,2,1021.58,1
14348,259,1,409.57,0
14349,9,1,133.5,1
14350,273,1,282.93,0
14351,164,1,51.0,0
14352,156,4,1078.96,0
14353,214,1,90.6,0
14354,5,2,163.62,1
14355,365,1,174.4,0
14356,79,2,701.23,1
14357,42,1,225.77,1
14359,18,3,912.18,1
14360,31,4,2128.23,1
14362,21,1,161.2,1
14364,108,8,3717.35,1
14367,7,16,9261.52,3
14368,319,1,155.0,0
14371,294,1,100.5,0
14373,357,1,76.55,0
14375,184,1,257.68,0
14377,190,2,617.05,0
14379,43,2,348.1,1
14381,51,1,202.68,1
14382,25,1,626.07,1
14383,37,3,1247.69,1
14385,8,3,202.11,1
14386,296,1,142.4,0
14387,32,3,1770.56,1
14388,9,8,3212.84,1
14389,64,2,1043.46,1
14390,9,9,4652.82,1
14393,217,1,67.95,0
14395,1,9,3507.71,1
14396,64,2,487.99,1
14397,2,19,2612.96,3
14400,148,1,574.7,0
14401,3,13,4051.48,3
14403,129,4,1475.81,1
14404,33,6,1474.32,1
14406,118,1,156.75,1
14407,106,6,2157.73,1
14408,10,7,2606.53,1
14409,70,6,2059.4500000000003,1
14410,91,9,1105.07,1
14411,310,1,1063.0,0
14412,42,2,770.03,1
14413,361,1,122.7,0
14414,91,7,1496.98,1
14415,0,13,5900.28,3
14416,21,2,490.22,1
14418,3,3,1937.25,1
14419,10,6,1058.06,1
14420,98,1,387.52,1
14421,56,2,813.11,1
14422,0,6,4263.64,1
14423,217,1,265.2,0
14424,17,1,322.08,1
14426,23,10,4481.67,1
14427,49,2,363.34,1
14428,6,5,1244.83,1
14431,302,1,470.36,0
14432,9,6,2255.51,1
14434,21,6,1372.8,1
14436,98,1,89.06,1
14437,365,1,63.0,0
14438,305,1,131.9,0
14440,7,5,2357.68,1
14441,0,4,1712.89,1
14443,53,4,1420.2,1
14446,0,4,1039.58,1
14447,18,5,1163.23,1
14448,8,2,375.35,1
14449,18,4,907.1,1
14450,180,3,483.25,0
14451,59,2,662.59,1
14452,10,2,264.44,1
14453,189,1,119.93,0
14456,4,9,3062.4,1
14457,310,1,113.64,0
14459,154,1,1837.92,0
14460,109,3,434.34,1
14461,147,3,2103.06,0
14462,65,11,2004.02,1
14463,97,3,529.62,1
14465,246,3,1058.62,0
14466,28,7,2272.4,1
14467,17,4,598.76,1
14470,11,2,461.19,1
14472,103,8,1936.84,1
14473,73,2,234.34,1
14474,45,1,547.66,1
14475,71,3,925.85,1
14476,256,1,215.7,0
14477,19,4,1309.6,1
14479,253,2,316.25,0
14480,10,1,279.05,1
14481,164,2,636.51,0
14482,17,6,2068.15,1
14483,281,1,137.1,0
14484,49,1,321.92,1
14485,38,1,165.75,1
14487,26,6,1196.33,1
14488,67,1,1064.28,1
14489,206,1,463.38,0
14491,174,2,340.93,0
14493,6,5,2383.24,1
14494,25,1,139.56,1
14495,50,2,123.8,1
14496,311,2,538.8100000000001,0
14497,308,1,475.37,0
14498,42,5,1957.32,1
14499,25,3,815.32,1
14500,87,3,356.85,1
14501,183,2,251.21,0
14502,19,11,2470.67,3
14503,2,6,3543.26,1
14504,46,4,673.26,1
14505,16,8,5905.64,1
14506,16,5,2012.17,1
14507,23,6,1383.18,1
14508,21,2,276.42,1
14511,10,5,1314.81,1
14512,187,2,275.28,0
14513,100,3,455.59,1
14514,60,3,1055.35,1
14515,17,6,2102.09,1
14517,32,2,330.45,1
14518,63,1,174.37,1
14520,1,2,270.6,1
14522,23,4,974.54,1
14523,107,1,241.09,1
14524,31,9,1867.68,1
14525,19,9,4332.2,1
14527,2,55,8508.82,3
14528,36,1,364.22,1
14529,59,3,620.04,1
14530,25,6,2925.91,1
14532,235,4,932.85,0
14533,24,7,1949.72,1
14534,2,18,4447.05,3
14535,59,3,2864.19,1
14536,259,1,171.8,0
14537,57,1,355.56,1
14538,64,2,388.25,1
14539,15,2,537.48,1
14540,9,3,996.26,1
14541,58,8,1461.65,1
14542,185,1,103.25,0
14543,28,16,3630.33,3
14544,23,2,2024.45,1
14546,4,5,2578.09,1
14547,3,8,4007.54,1
14548,150,2,652.8,0
14549,310,1,289.24,0
14550,10,2,765.62,1
14551,17,2,186.23,1
14552,151,1,165.07,0
14553,18,5,859.27,1
14554,9,4,2381.04,1
14555,56,2,324.14,1
14557,84,1,788.38,1
14560,6,22,2237.77,3
14561,75,3,1080.76,1
14562,3,18,5074.77,3
14565,95,4,3099.12,1
14567,56,2,1530.36,1
14569,0,1,227.39,1
14570,280,2,218.06,0
14572,2,7,2832.84,1
14573,179,9,1653.42,0
14576,371,1,35.400000000000006,0
14577,12,4,859.71,1
14578,2,1,168.63,1
14581,16,1,138.6,1
14582,40,1,114.11,1
14583,5,5,1052.55,1
14584,168,4,1042.26,0
14585,49,1,157.05,1
14586,276,1,237.36,0
14587,18,9,1601.14,1
14589,371,1,39.75,0
14591,14,4,1447.14,1
14592,34,3,570.46,1
14593,21,3,617.99,1
14594,6,2,379.83,1
14595,19,6,1740.6,1
14597,10,2,883.15,1
14598,43,1,221.97,1
14600,305,1,393.33,0
14601,10,1,213.96,1
14603,274,1,660.0,0
14606,0,93,12156.65,2
14607,15,14,16569.5,3
14608,3,4,1785.15,1
14609,71,4,601.56,1
14616,242,3,406.08,0
14618,8,3,553.44,1
14619,245,1,394.44,0
14620,205,2,412.78,0
14621,0,5,1788.36,1
14622,184,1,320.58000000000004,0
14623,31,5,889.25,1
14624,56,2,225.85,1
14625,195,2,899.63,0
14626,23,4,2791.27,1
14628,90,2,671.96,1
14629,3,2,959.01,1
14631,50,3,1006.98,1
14632,262,1,114.56,0
14633,265,1,344.90000000000003,0
14636,35,2,609.85,1
14638,50,1,443.6,1
14639,51,6,2984.49,1
14640,23,6,2125.08,1
14641,21,1,110.46,1
14642,58,1,96.12,1
14643,169,2,693.8100000000001,0
14644,67,2,830.76,1
14645,156,2,597.09,0
14647,200,1,243.22,0
14649,4,4,1417.29,1
14651,66,2,654.6,1
14652,76,1,114.18,1
14653,0,7,1947.55,1
14655,7,4,1932.23,1
14656,168,2,291.05,0
14657,17,4,848.22,1
14658,4,2,247.15,1
14659,8,9,2529.93,1
14660,86,2,285.74,1
14661,26,1,107.95,1
14662,28,4,771.17,1
14664,19,2,637.89,1
14665,60,5,1835.7,1
14666,23,1,195.25,1
14667,10,25,9241.2,3
14669,241,3,1269.99,0
14670,279,2,411.53,0
14672,234,2,765.5500000000001,0
14673,2,5,1736.4,1
14675,15,1,604.75,1
14676,30,6,2548.24,1
14680,24,16,28754.11,3
14681,70,3,498.95,1
14682,187,2,52.0,0
14684,25,5,1236.28,1
14687,106,1,628.38,1
14688,7,21,5630.87,3
14689,208,1,112.8,0
14690,43,2,371.7,1
14691,30,5,2114.33,1
14692,136,4,591.55,1
14693,263,1,172.9,0
14696,3,7,2078.95,1
14697,217,2,188.61,0
14698,1,5,1250.76,1
14699,213,1,109.13,0
14700,31,3,2235.3,1
14701,10,9,2549.37,1
14702,0,17,3292.14,3
14703,14,1,318.17,1
14704,10,9,1546.91,1
14705,198,1,179.0,0
14708,2,3,1126.37,1
14709,14,13,4921.04,3
14710,13,4,606.13,1
14711,9,11,2868.8,3
14712,28,3,917.07,1
14713,8,11,2666.36,3
14714,23,1,160.19,1
14715,24,4,867.38,1
14716,42,2,329.68,1
14719,1,5,1602.13,1
14720,5,3,663.81,1
14722,146,1,187.92,0
14723,9,6,1158.3,1
14725,24,1,718.08,1
14727,273,1,268.58,0
14729,373,1,313.49,0
14730,0,8,2005.06,1
14731,46,3,380.02,1
14732,7,8,2702.49,1
14733,15,12,9585.91,3
14735,3,32,6065.6900000000005,3
14737,3,3,1164.55,1
14738,42,7,1314.45,1
14739,3,7,3902.28,1
14740,196,3,1448.21,0
14741,11,6,1400.34,1
14744,15,7,1099.98,1
14745,112,5,1220.26,1
14747,248,1,328.2,0
14748,28,5,1415.75,1
14752,43,1,389.64,1
14753,86,1,563.15,1
14754,44,2,638.05,1
14755,9,11,5010.28,3
14756,14,1,738.96,1
14757,74,1,420.5,1
14758,144,4,1484.06,1
14759,4,3,1625.97,1
14760,296,1,89.2,0
14761,58,2,255.9,1
14762,263,1,300.52,0
14764,46,1,278.3,1
14765,28,3,254.11,1
14766,7,6,2473.37,1
14768,16,2,192.6,1
14769,2,8,10674.75,3
14770,231,2,876.4200000000001,0
14772,111,1,139.26,1
14775,57,3,1011.9,1
14776,50,11,2538.3,1
14778,126,2,730.86,1
14779,280,3,386.15,0
14780,54,2,447.68,1
14782,319,1,200.1,0
14784,25,2,289.99,1
14785,9,2,77.4,1
14788,6,2,679.44,1
14789,28,1,197.64,1
14790,16,4,745.06,1
14792,63,1,6.2,1
14793,20,1,228.99,1
14794,2,7,1319.91,1
14795,165,1,131.45000000000002,0
14796,0,17,8022.49,3
14798,52,3,173.74,1
14799,50,1,157.7,1
14800,47,12,4339.74,3
14801,60,1,193.14,1
14803,161,3,845.5500000000001,0
14804,8,1,353.27,1
14805,14,4,554.65,1
14806,74,1,193.39,1
14808,39,8,2741.17,1
14810,40,11,2087.88,1
14813,369,2,155.43,0
14815,36,2,778.5,1
14816,196,1,271.85,0
14817,199,2,1110.34,0
14818,73,3,657.8,1
14819,63,2,272.07,1
14820,20,4,507.29,1
14821,366,1,48.8,0
14823,179,3,321.43,0
14824,9,4,1127.71,1
14825,3,12,2226.9100000000003,3
14828,196,3,2139.76,0
14829,28,4,697.55,1
14830,52,1,197.13,1
14834,17,6,1720.3,1
14836,9,3,102.45,1
14837,89,4,1649.5,1
14840,267,1,62.85,0
14841,52,6,3295.76,1
14842,43,4,2824.69,1
14844,63,4,3189.81,1
14847,148,1,309.40000000000003,0
14849,21,25,7930.54,3
14850,311,1,325.75,0
14851,22,2,511.35,1
14852,57,6,2836.69,1
14853,23,2,475.8,1
14854,77,7,2759.83,1
14855,118,2,645.65,1
14856,35,3,1311.38,1
14857,59,2,1173.12,1
14859,12,4,1353.74,1
14860,18,1,170.32,1
14861,51,1,125.79,1
14862,25,2,841.2,1
14863,28,1,266.76,1
14865,6,2,52.2,1
14866,10,12,14389.9,3
14867,185,3,710.28,0
14868,2,8,2953.59,1
14869,8,2,725.7,1
14870,261,1,327.25,0
14871,2,4,522.38,1
14873,209,1,519.68,0
14875,107,2,1465.32,1
14878,12,9,1485.54,1
14880,76,3,706.19,1
14881,19,1,255.4,1
14882,26,2,589.7,1
14883,18,6,761.59,1
14885,131,1,765.3199999999999,1
14886,252,1,364.8,0
14887,78,1,1862.0,1
14888,206,1,369.2,0
14889,335,1,135.9,0
14890,253,1,125.65,0
14891,147,2,554.38,0
14893,9,2,1237.85,1
14894,84,1,655.75,1
14895,7,20,11138.71,3
14896,204,2,468.77,0
14897,7,4,1366.38,1
14898,22,6,1303.52,1
14901,10,9,1421.29,1
14902,25,1,332.66,1
14903,20,5,2810.63,1
14904,1,2,1025.44,1
14905,157,2,616.15,0
14907,2,7,3501.1,1
14908,73,1,277.8,1
14910,2,4,434.35,1
14913,35,4,1227.43,1
14915,90,2,307.48,1
14916,70,4,1268.98,1
14918,115,2,1610.15,1
14920,212,2,977.77,0
14921,29,2,1316.07,1
14923,50,1,749.1,1
14924,245,1,310.05,0
14929,31,1,223.88,1
14944,29,12,5900.25,3
14946,13,1,100.9,1
14947,71,2,290.82,1
14948,22,6,1101.97,1
14950,18,1,371.2,1
14951,78,1,311.69,1
14952,59,11,8099.49,3
14953,24,1,289.82,1
14954,11,1,336.17,1
14957,252,1,58.49,0
14958,146,3,499.68,0
14959,63,4,695.42,1
14960,7,2,221.27,1
14961,10,9,7044.68,3
14962,270,1,126.7,0
14963,9,5,1487.8,1
14964,246,1,206.21,0
14965,95,2,599.0,1
14966,14,1,191.32,1
14967,49,1,463.8,1
14968,29,1,147.59,1
14970,67,4,1592.06,1
14971,34,3,1116.57,1
14972,127,1,114.77,1
14973,106,3,1314.45,1
14974,36,1,114.39,1
14975,56,1,279.94,1
14976,56,7,790.86,1
14978,71,5,1931.42,1
14981,245,1,102.12,0
14984,18,2,213.27,1
14985,197,2,296.75,0
14987,15,2,326.4,1
14988,211,1,334.54,0
14995,38,2,233.23,1
14997,45,3,546.1999999999999,1
14998,169,2,429.87,0
15000,47,1,490.52,1
15002,115,4,1641.76,1
15004,146,1,1246.32,0
15005,15,28,6316.57,3
15006,50,1,502.09,1
15007,158,1,156.91,0
15009,11,3,1261.78,1
15010,35,1,308.94,1
15012,53,2,423.04,1
15014,42,2,260.17,1
15016,172,1,170.04,0
15017,33,1,125.58,1
15018,38,3,496.21,1
15019,266,1,266.0,0
15021,8,9,1914.82,1
15022,11,4,905.04,1
15023,2,11,6802.76,3
15024,9,10,1661.33,1
15025,32,1,377.01,1
15026,79,3,469.0,1
15027,30,4,1066.15,1
15028,7,4,627.13,1
15030,71,2,518.28,1
15031,3,4,668.14,1
15032,255,3,4959.1,0
15033,4,10,2586.67,1
15034,15,8,4308.61,1
15035,89,1,252.73,1
15036,71,3,465.55,1
15038,58,6,705.49,1
15039,9,47,19914.44,3
15041,169,1,180.35,0
15042,198,1,135.93,0
15043,30,1,537.0,1
15044,18,17,7700.23,3
15045,151,2,735.66,0
15046,8,15,5213.77,3
15047,269,1,343.62,0
15048,64,4,384.05,1
15049,273,1,121.17000000000002,0
15050,24,3,1782.09,1
15051,22,3,1391.61,1
15052,318,1,215.78,0
15053,4,3,697.79,1
15054,11,2,302.1,1
15057,274,2,1489.5,0
15058,24,11,2124.99,1
15059,40,9,1337.72,1
15060,7,4,303.09000000000003,1
15061,3,48,54534.14,2
15062,70,4,987.86,1
15063,212,1,370.8,0
15065,37,4,3158.13,1
15066,52,1,893.59,1
15067,77,3,1744.76,1
15068,45,2,553.36,1
15069,178,1,1109.53,0
15070,372,1,106.2,0
15071,93,2,982.07,1
15073,9,3,1043.41,1
15074,104,1,748.87,1
15075,77,1,773.03,1
15076,172,1,880.85,0
15078,6,32,9743.11,3
15079,212,4,895.61,0
15081,21,5,504.8,1
15083,256,1,88.2,0
15087,281,1,306.94,0
15088,20,2,1160.07,1
15089,9,6,2420.84,1
15090,307,1,381.32,0
15091,67,1,480.71,1
15092,214,2,457.81,0
15093,17,6,4597.02,1
15095,103,4,1370.6,1
15096,42,1,219.39,1
15097,3,1,248.08,1
15098,181,3,39916.5,3
15099,83,1,410.48,1
15100,333,3,876.0,0
15101,8,2,317.53000000000003,1
15103,30,2,703.36,1
15104,196,2,1027.44,0
15105,17,7,2298.93,1
15106,17,5,1422.52,1
15107,310,6,319.5,0
15109,245,1,484.95,0
15110,23,4,996.1,1
15111,28,3,1567.48,1
15113,9,3,3609.33,1
15114,29,10,2760.56,1
15115,17,1,340.11,1
15116,17,4,1352.75,1
15117,14,5,1551.78,1
15118,133,1,244.8,1
15119,245,1,266.4,0
15120,133,1,358.82,1
15121,49,2,457.72,1
15122,113,3,1633.78,1
15123,6,2,2199.31,1
15124,22,2,184.19,1
15125,24,15,11528.48,3
15127,65,1,406.53,1
15128,59,4,1471.0,1
15129,49,11,3447.4,3
15130,169,1,330.11,0
15132,17,5,977.93,1
15133,127,3,982.42,1
15134,14,8,1387.99,1
15135,238,1,139.05,0
15136,2,4,1286.7,1
15139,239,2,178.96,0
15140,51,7,2354.25,1
15142,45,1,498.74,1
15143,225,1,259.45,0
15144,7,17,6580.4400000000005,3
15145,3,4,1194.73,1
15146,164,2,1327.16,0
15147,239,1,623.5,0
15148,10,1,301.29,1
15149,133,1,520.8000000000001,1
15150,16,10,5314.47,3
15152,9,13,4745.69,3
15153,30,1,329.25,1
15154,74,1,296.42,1
15156,0,3,961.49,1
15157,3,3,1936.07,1
15158,44,1,401.4,1
15159,1,30,18641.01,3
15160,356,1,158.16,0
15163,17,2,304.47,1
15164,68,3,843.05,1
15165,372,1,487.75,0
15167,320,1,163.0,0
15168,25,1,106.56,1
15171,330,1,1289.5,0
15172,8,5,1624.05,1
15174,322,1,135.75,0
15175,71,1,224.14,1
15178,259,1,40.5,0
15179,17,5,2206.9500000000003,1
15180,366,1,87.5,0
15181,65,3,689.48,1
15182,153,2,622.85,0
15184,28,2,406.76,1
15185,69,1,310.62,1
15186,13,2,411.41,1
15187,1,16,4777.18,3
15189,0,41,16225.39,3
15192,119,3,1044.32,1
15193,60,1,499.32,1
15194,2,15,7616.53,3
15195,2,1,3861.0,1
15197,10,3,1079.61,1
15198,91,2,193.64,1
15199,58,4,1268.7,1
15201,86,5,1236.54,1
15203,25,6,1827.8,1
15204,356,1,316.58,0
15205,84,2,653.24,1
15206,9,4,420.3,1
15208,0,5,870.12,1
15210,224,1,331.18,0
15211,59,2,894.4100000000001,1
15212,240,1,101.8,0
15213,318,2,328.35,0
15214,1,8,1661.44,1
15215,46,3,734.94,1
15216,87,1,96.6,1
15218,10,11,5756.89,3
15219,175,1,305.75,0
15220,51,6,1778.96,1
15221,365,1,403.25,0
15222,318,1,585.0,0
15223,225,2,755.75,0
15224,357,2,322.08,0
15225,233,1,409.4,0
15226,310,1,154.41,0
15227,36,5,1219.4,1
15228,65,4,3386.71,1
15230,238,2,429.6,0
15232,112,2,612.06,1
15234,276,1,197.0,0
15235,217,12,2247.51,0
15236,298,1,321.05,0
15237,1,4,1412.32,1
15238,28,3,1071.99,1
15239,9,2,780.59,1
15240,44,5,1706.57,1
15241,66,8,1756.44,1
15243,73,1,316.68,1
15244,64,2,631.57,1
15245,133,3,2515.84,1
15246,237,2,514.15,0
15247,121,1,356.0,1
15249,31,13,6688.46,3
15251,8,11,10484.99,3
15252,35,2,740.78,1
15253,15,5,918.2,1
15254,126,1,300.36,1
15255,66,1,890.85,1
15256,148,1,98.45,0
15257,282,1,317.15,0
15258,168,2,623.16,0
15260,99,7,1810.77,1
15261,134,1,254.82,1
15262,323,1,178.95000000000002,0
15263,106,1,156.51,1
15264,63,1,393.74,1
15265,150,2,1506.12,0
15266,337,1,119.3,0
15267,21,5,1717.36,1
15269,23,1,408.8,1
15270,15,7,2379.49,1
15271,6,15,2507.07,3
15272,56,2,721.94,1
15274,3,2,716.57,1
15275,37,1,615.14,1
15276,65,1,135.31,1
15277,46,1,255.9,1
15279,354,1,290.51,0
15280,171,1,113.12,0
15281,58,9,2332.15,1
15286,49,1,240.55,1
15287,21,2,486.69,1
15288,42,5,2306.52,1
15289,28,3,939.78,1
15290,4,18,7943.22,3
15291,25,15,4668.3,3
15292,200,1,180.94,0
15296,50,6,3672.86,1
15297,9,3,641.94,1
15298,1,12,4799.9,3
15299,66,7,4507.01,1
15300,63,1,496.44,1
15301,50,12,5070.35,3
15303,289,1,574.02,0
15304,60,8,694.4,1
15306,63,3,1174.35,1
15307,95,1,205.3,1
15308,273,1,310.47,0
15311,0,91,60767.9,2
15312,74,4,924.85,1
15313,109,1,52.0,1
15314,198,1,327.97,0
15315,63,2,570.5,1
15316,326,1,165.0,0
15318,3,1,312.62,1
15319,283,1,204.5,0
15320,43,1,267.13,1
15321,70,3,2748.31,1
15322,85,1,679.68,1
15325,103,1,162.29,1
15326,333,1,311.71,0
15327,52,1,208.75,1
15329,38,3,1049.7,1
15330,31,2,714.9599999999999,1
15333,207,1,1028.56,0
15334,156,3,351.67,0
15335,52,1,173.97,1
15339,65,2,574.07,1
15341,80,1,2020.52,1
15342,129,1,406.09,1
15343,86,1,364.5,1
15344,0,3,563.94,1
15345,45,1,393.54,1
15346,332,1,252.42,0
15347,365,1,201.6,0
15348,71,1,158.04,1
15349,157,2,473.81,0
15350,372,1,115.65,0
15351,11,7,1960.11,1
15353,254,2,777.02,0
15355,28,2,277.05,1
15356,30,10,2766.5,1
15358,4,22,8347.2,3
15360,39,1,427.93,1
15361,361,1,418.92,0
15363,372,1,326.0,0
15364,95,2,913.19,1
15365,25,7,2314.32,1
15366,74,2,602.51,1
15367,56,4,1877.59,1
15368,20,1,446.94000000000005,1
15370,40,7,2386.05,1
15372,136,1,2007.4,1
15373,7,12,2415.91,3
15374,128,1,168.0,1
15376,39,3,1233.36,1
15379,168,7,3703.29,0
15380,8,5,1690.26,1
15381,213,2,596.85,0
15382,14,6,5955.71,1
15384,169,2,642.41,0
15385,39,1,316.88,1
15386,185,1,394.14,0
15389,171,1,500.0,0
15392,4,4,1535.53,1
15393,15,2,231.86,1
15394,9,4,2183.54,1
15395,325,1,107.45,0
15396,112,1,288.18,1
15397,289,1,94.0,0
15398,15,2,1345.53,1
15399,0,3,815.77,1
15400,91,5,716.2,1
15402,148,2,626.77,0
15405,188,1,349.1,0
15406,30,2,510.71,1
15407,33,4,1056.44,1
15408,263,1,267.18,0
15410,83,8,3450.84,1
15411,25,4,1358.88,1
15412,170,1,190.53,0
15414,9,3,774.9000000000001,1
15415,312,1,572.8100000000001,0
15416,64,4,3984.32,1
15417,84,1,508.8,1
15419,24,1,135.86,1
15421,58,4,950.36,1
15422,322,2,97.7,0
15423,37,1,43.5,1
15424,253,2,383.34,0
15426,18,5,1447.39,1
15427,32,3,1483.14,1
15428,14,1,93.78,1
15429,26,2,397.35,1
15432,22,1,171.19000000000003,1
15433,213,2,533.3,0
15434,7,5,1041.48,1
15435,21,1,149.29,1
15436,11,3,1122.53,1
15437,261,1,200.16,0
15438,130,1,156.57999999999998,1
15440,54,3,383.68,1
15442,248,1,594.0,0
15443,1,7,3236.91,1
15444,8,2,1418.26,1
15445,263,1,113.5,0
15447,330,1,155.17000000000002,0
15448,312,1,494.64,0
15449,25,3,974.52,1
15450,29,1,429.84,1
15452,29,3,538.73,1
15453,1,7,1388.37,1
15454,361,1,179.1,0
15456,282,3,447.22,0
15457,261,1,237.07,0
15458,24,1,161.64,1
15460,353,1,216.76,0
15462,93,3,234.6,1
15463,28,1,126.14,1
15464,337,1,1048.85,0
15465,19,18,7354.62,3
15466,84,1,334.53,1
15467,8,3,524.88,1
15468,50,2,467.51,1
15469,49,2,538.55,1
15471,1,1,469.48,1
15472,112,1,371.56,1
15473,13,7,1771.2,1
15475,76,1,454.11,1
15478,39,2,1441.42,1
15482,15,12,11054.96,3
15483,160,4,233.81,0
15484,0,4,3594.31,1
15485,29,3,2575.0,1
15488,92,1,91.32,1
15489,22,3,1134.28,1
15491,94,6,3100.09,1
15492,27,2,659.46,1
15493,32,5,2001.8,1
15494,20,2,1299.23,1
15497,17,2,1262.2,1
15498,2,27,13316.4,3
15500,7,4,1131.56,1
15502,15,12,10384.93,3
15503,362,1,147.09,0
15504,80,1,52.83,1
15505,52,5,3610.96,1
15506,22,3,979.26,1
15507,171,1,492.36,0
15508,188,6,1000.27,0
15510,330,1,250.0,0
15511,11,5,909.23,1
15512,155,2,121.0,0
15513,32,19,14758.22,3
15514,11,11,4139.46,3
15516,44,3,62.43,1
15517,232,1,267.03,0
15518,63,8,1942.45,1
15520,1,1,343.5,1
15521,39,8,3000.2,1
15522,32,2,398.84,1
15523,83,1,412.0100000000001,1
15524,24,1,440.0,1
15525,1,3,825.92,1
15526,32,2,148.44,1
15527,18,8,2429.78,1
15528,253,1,229.33,0
15529,22,11,3995.23,3
15530,21,4,1502.35,1
15531,7,2,2007.44,1
15532,24,4,1580.93,1
15533,18,3,807.57,1
15535,172,4,536.4,0
15537,162,1,110.92,0
15539,6,1,538.46,1
15540,10,1,213.3,1
15541,113,1,85.13000000000001,1
15543,287,1,127.86,0
15544,8,9,3546.71,1
15545,53,2,292.72,1
15547,6,14,4954.84,3
15549,76,3,1693.26,1
15550,3,4,575.63,1
15551,36,1,436.06,1
15552,216,1,90.12,0
15553,59,1,437.23,1
15554,277,1,217.2,0
15555,11,16,4805.17,3
15556,23,1,279.77,1
15557,28,1,473.65,1
15561,11,4,800.5899999999999,1
15562,351,1,134.55,0
15563,21,4,1400.44,1
15565,49,2,173.16000000000005,1
15567,18,1,186.01,1
15568,2,3,758.29,1
15569,103,5,1375.71,1
15570,6,12,4165.52,3
15571,11,4,650.4300000000001,1
15572,4,7,2552.86,1
15573,31,2,607.45,1
15574,177,4,702.25,0
15576,37,1,940.67,1
15577,150,3,258.88,0
15578,161,1,127.1,0
15579,68,2,348.6,1
15581,120,13,3679.97,3
15582,24,3,682.9100000000001,1
15584,23,4,725.11,1
15585,176,1,455.3,0
15587,49,4,913.68,1
15589,255,3,478.53,0
15592,46,1,388.58,1
15593,70,1,199.8,1
15594,15,5,1771.78,1
15596,100,5,1406.59,1
15597,34,1,324.57,1
15598,52,1,240.68,1
15599,26,2,761.74,1
15601,10,14,6776.56,3
15602,7,9,1297.87,1
15603,78,1,48.48,1
15604,51,1,216.39,1
15605,35,5,1198.23,1
15606,60,9,2920.16,1
15607,336,1,104.76,0
15608,27,4,1093.68,1
15609,183,1,298.48,0
15610,51,1,112.46,1
15611,9,13,1591.45,3
15612,35,2,195.15,1
15615,9,23,10399.74,3
15618,32,4,776.851,1
15619,10,1,336.4,1
15620,56,3,1553.18,1
15621,3,4,1293.03,1
15622,42,9,3709.56,1
15623,140,1,301.03000000000003,1
15624,116,4,588.13,1
15625,103,4,1534.26,1
15626,74,2,675.8,1
15628,4,9,2870.24,1
15630,44,2,1186.35,1
15632,15,8,3285.31,1
15634,16,1,243.55,1
15636,89,2,724.76,1
15637,52,1,223.36,1
15639,133,1,425.32,1
15640,3,15,12515.66,3
15641,104,4,1887.2,1
15643,191,3,664.0,0
15644,165,4,813.0,0
15645,18,1,612.01,1
15646,157,3,447.64,0
15648,203,2,657.35,0
15649,335,2,816.0,0
15651,36,3,646.3,1
15652,90,1,337.74,1
15653,92,2,877.44,1
15654,8,2,922.53,1
15655,242,1,560.6700000000001,0
15656,44,4,748.5,1
15657,22,1,30.0,1
15658,189,5,1024.1,0
15659,43,1,306.45,1
15660,24,9,1600.86,1
15661,316,2,309.8,0
15663,105,1,138.14,1
15664,50,1,386.43,1
15665,167,2,2242.01,0
15667,39,1,301.32000000000005,1
15668,217,1,76.32000000000001,0
15669,39,4,684.34,1
15670,296,1,173.05,0
15671,18,7,2657.13,1
15673,87,4,2881.02,1
15674,72,5,2446.6,1
15675,80,3,323.69,1
15676,18,3,3435.76,1
15677,48,1,657.23,1
15678,52,1,352.7,1
15679,23,4,781.28,1
15680,8,3,1333.68,1
15681,24,5,1426.16,1
15683,116,1,193.75,1
15687,8,9,2993.1,1
15689,119,2,254.1,1
15690,3,2,239.76,1
15691,251,1,136.8,0
15692,27,1,191.04,1
15694,0,14,6479.4,3
15695,266,2,409.98,0
15696,32,8,2736.46,1
15699,17,1,309.65,1
15700,171,2,696.68,0
15701,1,4,1542.14,1
15703,264,1,211.5,0
15704,139,4,2293.62,1
15705,200,1,143.1,0
15706,63,4,1060.56,1
15707,34,4,945.58,1
15708,40,7,3364.24,1
15709,283,1,133.25,0
15712,8,5,1072.36,1
15713,142,2,356.7,1
15714,11,2,330.88,1
15716,145,4,1118.81,1
15717,233,1,150.3,0
15719,32,13,5045.61,3
15720,23,1,598.73,1
15721,11,1,507.08,1
15722,35,5,2222.56,1
15723,364,1,203.1,0
15724,200,2,218.25,0
15725,14,1,415.25,1
15727,16,7,5178.96,1
15729,212,1,85.0,0
15730,65,3,1120.88,1
15732,211,2,294.12,0
15733,282,1,162.3,0
15734,114,2,1339.45,1
15737,14,8,1205.12,1
15738,18,16,4812.42,3
15739,65,1,449.12,1
15740,48,1,154.88,1
15743,15,4,784.46,1
15744,77,1,34.8,1
15745,18,4,1094.59,1
15746,133,1,196.88,1
15747,12,3,974.04,1
15748,39,1,149.31,1
15749,234,3,44534.3,3
15750,2,8,2465.48,1
15752,39,7,2637.38,1
15753,304,1,79.2,0
15754,50,3,458.57,1
15755,9,6,2364.25,1
15756,60,4,532.96,1
15757,65,2,714.42,1
15758,24,1,205.25,1
15759,217,3,253.04,0
15762,64,2,583.75,1
15763,31,2,1086.92,1
15764,87,6,3279.9700000000003,1
15766,63,1,315.06,1
15768,115,3,621.83,1
15769,6,26,56252.72,2
15773,5,1,635.6800000000001,1
15774,68,1,270.8,1
15775,244,1,104.9,0
15776,132,1,241.62,1
15777,240,4,1047.11,0
15780,183,3,475.28,0
15781,24,3,345.46000000000004,1
15782,9,3,2614.74,1
15783,10,1,246.3,1
15785,32,5,2328.9700000000003,1
15786,45,3,4932.2,1
15787,25,3,948.05,1
15789,357,1,351.3,0
15790,9,1,220.85,1
15791,43,2,1612.69,1
15793,14,3,965.61,1
15795,149,1,610.01,0
15796,0,8,2711.56,1
15797,112,4,2207.4,1
15799,75,3,884.14,1
15800,106,2,699.08,1
15801,45,3,1063.95,1
15802,142,1,451.42,1
15803,50,1,415.8200000000001,1
15804,0,13,4206.39,3
15805,22,17,5528.4800000000005,3
15806,45,3,784.58,1
15807,49,3,903.9,1
15808,305,4,3734.97,0
15809,35,5,515.77,1
15810,78,4,1391.98,1
15811,21,6,2218.62,1
15812,106,5,1801.14,1
15813,207,2,1303.91,0
15814,16,4,1945.33,1
15815,63,5,2100.6,1
15819,48,4,1905.45,1
15820,319,1,206.98,0
15821,43,2,570.96,1
15822,2,2,885.47,1
15823,371,1,15.0,0
15825,171,1,532.94,0
15826,55,3,1654.31,1
15827,72,14,1836.09,3
15829,98,2,636.14,1
15830,37,1,576.0,1
15831,57,3,801.76,1
15832,253,1,836.79,0
15834,69,4,2233.75,1
15835,43,4,954.09,1
15836,49,1,137.37,1
15837,64,1,391.98,1
15838,10,19,33643.08,3
15839,32,3,1048.49,1
15840,58,2,355.56,1
15841,72,4,1224.06,1
15843,303,1,118.95,0
15844,45,1,130.73999999999998,1
15845,17,8,3711.77,1
15847,37,2,389.27,1
15850,18,2,238.85,1
15852,186,2,160.71,0
15853,51,1,110.8,1
15854,3,12,2974.65,3
15855,136,5,712.24,1
15856,3,27,16387.57,3
15857,18,1,297.0,1
15858,15,5,1438.85,1
15860,40,8,977.21,1
15861,11,8,3165.36,1
15862,7,4,832.88,1
15863,25,2,68.84,1
15864,21,6,1936.32,1
15865,40,3,895.13,1
15866,100,1,230.53,1
15867,4,15,3812.64,3
15869,276,2,149.64,0
15870,32,1,354.09000000000003,1
15872,14,2,360.93,1
15874,63,7,4405.88,1
15877,1,2,493.28,1
15880,368,1,343.28,0
15881,311,5,501.39,0
15882,198,4,516.36,0
15883,1,2,396.48,1
15885,92,3,379.35,1
15886,59,1,181.09,1
15888,80,1,168.31,1
15889,156,2,446.87,0
15891,226,1,524.52,0
15894,252,2,263.55,0
15895,149,1,179.17,0
15897,193,2,222.05,0
15898,0,5,1388.88,1
15899,368,1,56.25,0
15900,23,1,351.11,1
15901,16,3,363.88,1
15903,9,7,5126.76,1
15904,7,1,164.68,1
15906,19,7,1567.69,1
15907,3,3,967.45,1
15909,173,1,191.94,0
15910,0,8,1232.18,1
15912,177,2,264.62,0
15916,15,8,1528.09,1
15917,247,1,123.1,0
15918,190,2,334.23,0
15919,19,2,639.89,1
15920,153,4,167.5,0
15921,172,1,336.03000000000003,0
15922,372,1,369.5,0
15923,372,1,127.08,0
15925,193,1,207.15,0
15930,66,1,426.63,1
15932,3,8,2495.87,1
15933,20,3,1107.46,1
15935,238,2,416.86,0
15937,63,1,145.35000000000002,1
15938,111,5,404.58,1
15939,89,15,6115.01,3
15940,310,1,35.8,0
15942,133,1,337.44,1
15944,276,1,325.1,0
15945,364,1,181.0,0
15947,82,1,1708.24,1
15948,7,2,955.24,1
15949,16,2,364.72,1
15950,31,4,1765.51,1
15951,8,2,708.22,1
15952,33,4,806.57,1
15953,14,8,1659.38,1
15955,23,14,4416.26,3
15957,31,1,428.89,1
15958,73,1,104.35,1
15963,19,2,470.76,1
15965,16,4,845.64,1
15967,22,2,418.83,1
15969,2,3,666.1,1
15970,303,1,314.1,0
15971,16,12,4199.85,3
15973,366,1,307.82000000000005,0
15974,38,7,3442.15,1
15975,83,1,371.01,1
15976,164,2,430.94,0
15977,16,2,1054.73,1
15978,76,1,1098.78,1
15980,88,3,2398.86,1
15981,24,8,3408.48,1
15983,21,4,1475.02,1
15984,2,10,2837.67,1
15985,122,2,1142.42,1
15986,29,1,168.12,1
15987,11,7,1451.28,1
15988,18,1,158.03,1
15990,43,2,792.11,1
15992,3,1,41.99,1
15993,8,7,2797.57,1
15994,54,1,427.07,1
15996,87,6,1060.68,1
15998,36,5,3089.97,1
16000,2,3,12393.7,1
16003,29,5,2735.37,1
16005,11,4,615.39,1
16006,210,1,101.4,0
16007,47,4,1701.94,1
16008,23,3,478.78,1
16009,21,4,992.71,1
16010,245,3,407.5,0
16011,7,16,3362.71,3
16012,34,3,1415.29,1
16013,3,47,37130.6,2
16014,37,3,662.38,1
16015,3,3,705.39,1
16016,2,8,1508.76,1
16017,46,1,211.88,1
16018,38,2,408.9,1
16019,46,9,3786.24,1
16020,16,3,851.01,1
16022,259,1,628.28,0
16023,45,3,719.81,1
16024,11,1,251.24,1
16025,29,1,439.66,1
16026,42,1,236.09,1
16027,91,6,934.62,1
16029,38,63,81024.84,2
16030,309,1,331.24,0
16031,91,2,548.94,1
16033,5,20,8816.4,3
16034,195,3,437.7000000000001,0
16036,86,2,758.9200000000001,1
16037,269,3,855.02,0
16038,7,3,471.78,1
16040,64,3,1313.55,1
16041,30,3,3166.4,1
16042,21,5,1197.27,1
16043,36,4,773.99,1
16045,119,4,1340.7,1
16048,372,2,256.44,0
16049,39,3,1111.79,1
16050,173,1,137.9,0
16052,53,1,362.06,1
16053,32,2,1511.95,1
16054,144,1,783.9,0
16055,220,1,134.8,0
16056,44,1,664.85,1
16057,15,7,2263.12,1
16059,65,6,1459.86,1
16062,9,4,1153.62,1
16063,259,1,335.32,0
16065,364,1,372.09,0
16066,16,5,1521.87,1
16070,21,2,852.15,1
16071,44,1,326.24,1
16072,287,1,584.3199999999999,0
16073,296,1,122.4,0
16076,2,10,2234.73,1
16078,283,1,79.2,0
16079,16,3,1352.0,1
16080,81,2,217.16,1
16081,55,5,2806.9,1
16083,100,2,1317.62,1
16084,298,1,436.18,0
16085,22,5,981.51,1
16086,58,5,1121.39,1
16091,154,2,315.06,0
16092,114,3,817.86,1
16093,106,1,17.0,1
16094,11,4,1078.23,1
16096,263,1,320.62,0
16097,239,1,185.05,0
16098,87,7,2005.63,1
16099,49,3,731.9,1
16101,70,1,1290.7,1
16102,41,3,1842.14,1
16103,6,6,1429.64,1
16104,61,1,302.36,1
16105,248,1,336.96,0
16106,65,1,108.38,1
16107,17,7,3204.1600000000003,1
16108,84,1,842.5,1
16109,218,2,611.88,0
16110,44,3,1337.48,1
16112,142,4,195.74,1
16113,182,1,161.38,0
16114,170,1,135.75000000000003,0
16115,9,8,1667.97,1
16116,211,1,612.78,0
16117,189,1,232.21,0
16119,7,2,423.36,1
16120,58,4,1309.14,1
16121,56,2,867.11,1
16122,72,4,684.42,1
16123,51,1,307.78000000000003,1
16124,316,1,249.0,0
16125,366,1,289.35,0
16126,28,4,6287.77,1
16127,38,1,656.25,1
16128,17,5,1880.22,1
16131,51,6,3506.54,1
16133,3,33,14589.04,3
16134,21,2,618.09,1
16135,262,1,517.55,0
16136,59,3,709.38,1
16139,18,3,635.4100000000001,1
16140,65,2,725.1800000000001,1
16141,87,1,620.4,1
16142,249,1,535.34,0
16143,2,6,2424.94,1
16144,246,1,175.2,0
16145,8,11,3799.49,3
16146,156,3,734.13,0
16147,133,1,375.0,1
16148,295,1,76.32000000000001,0
16149,4,2,280.52,1
16150,42,5,2053.02,1
16152,268,1,1829.04,0
16153,49,5,1824.23,1
16156,8,9,3122.04,1
16157,15,3,656.69,1
16159,281,1,348.2,0
16160,64,2,1025.44,1
16161,1,19,5575.56,3
16162,251,1,37.4,0
16163,231,2,856.6,0
16164,16,3,822.48,1
16168,10,27,3787.6,3
16169,7,4,1822.97,1
16170,50,6,1885.05,1
16171,58,1,73.19999999999999,1
16172,94,5,1140.21,1
16173,15,6,1418.32,1
16174,125,3,1009.55,1
16175,93,4,1037.59,1
16177,49,1,331.95,1
16178,137,1,197.9,1
16179,60,1,215.83,1
16180,99,8,10254.18,1
16181,72,1,305.54,1
16182,71,4,6617.65,1
16183,66,1,338.71000000000004,1
16184,63,6,1158.79,1
16185,16,2,529.41,1
16186,22,12,4006.94,3
16187,31,15,6911.4400000000005,3
16188,44,4,981.86,1
16189,15,2,215.48,1
16190,39,1,215.08,1
16191,2,13,5180.52,3
16193,236,1,314.45,0
16198,74,1,400.681,1
16200,3,2,1080.62,1
16201,2,4,1863.47,1
16202,360,1,365.27,0
16203,58,4,592.9,1
16204,22,1,405.71,1
16205,30,4,761.38,1
16206,54,4,537.0600000000001,1
16207,24,1,394.38,1
16208,44,2,664.26,1
16209,88,5,2262.62,1
16210,1,18,21086.3,3
16211,88,1,547.02,1
16212,18,2,690.34,1
16213,78,1,159.0,1
16214,170,3,1062.75,0
16215,80,1,242.35,1
16216,266,1,914.93,0
16217,234,2,304.25,0
16218,29,7,3084.68,1
16221,36,3,864.86,1
16222,317,1,846.72,0
16224,56,4,1295.3,1
16225,44,5,1096.32,1
16226,202,3,255.12,0
16227,224,1,314.22,0
16229,86,2,1010.6,1
16230,189,2,542.03,0
16232,43,4,990.88,1
16233,70,3,536.6800000000001,1
16235,40,5,867.3100000000001,1
16236,77,1,432.2,1
16239,56,2,414.2,1
16240,23,2,3718.8,1
16241,9,13,2607.87,3
16242,7,7,3603.21,1
16243,33,2,409.1,1
16244,211,2,1522.75,0
16245,23,3,1413.66,1
16247,169,1,114.56,0
16248,61,1,152.94,1
16249,52,5,1800.07,1
16250,260,2,389.44,0
16253,66,2,3683.86,1
16255,16,8,2619.91,1
16256,266,1,752.4300000000001,0
16257,176,1,46.95,0
16258,44,5,5203.51,1
16260,50,1,1035.45,1
16261,16,4,746.83,1
16265,8,9,5447.0,1
16266,73,7,861.89,1
16268,70,2,667.65,1
16270,352,1,1141.24,0
16271,2,5,1429.24,1
16272,116,1,411.7,1
16274,372,1,357.95,0
16275,196,1,559.87,0
16276,176,1,810.6,0
16278,99,1,566.38,1
16279,20,3,1509.58,1
16281,71,1,2062.06,1
16282,339,1,168.3,0
16283,5,5,1570.81,1
16284,30,2,823.97,1
16287,169,1,142.5,0
16292,121,1,302.25,1
16293,21,10,2248.99,1
16295,9,4,1328.55,1
16297,268,1,301.9,0
16298,22,3,598.2,1
16302,126,1,233.22,1
16303,25,3,5360.63,1
16305,138,1,361.22,1
16306,213,6,632.27,0
16308,37,4,2560.0,1
16309,105,2,706.57,1
16311,17,2,616.26,1
16313,2,2,274.15000000000003,1
16315,330,1,226.37,0
16316,63,8,2938.91,1
16317,119,3,1341.65,1
16318,34,1,328.15000000000003,1
16319,217,1,404.4,0
16322,0,2,326.75,1
16323,195,1,207.50000000000003,0
16324,127,3,428.68,1
16325,46,3,594.24,1
16326,5,14,3110.96,3
16327,13,6,3844.22,1
16330,17,3,251.91,1
16332,27,7,1593.2,1
16333,7,22,26626.8,3
16337,36,1,151.05,1
16338,156,1,214.8,0
16339,283,1,109.95,0
16340,106,1,549.07,1
16341,24,4,1971.87,1
16342,74,4,322.41,1
16343,15,2,370.48,1
16344,157,1,101.1,0
16345,43,1,575.41,1
16347,10,2,887.65,1
16348,31,7,1469.45,1
16349,290,1,53.5,0
16350,20,4,1116.47,1
16351,332,1,153.9,0
16352,17,2,494.44,1
16353,3,23,6675.71,3
16354,62,2,395.8,1
16356,197,3,211.77,0
16357,32,3,658.88,1
16358,0,4,2027.5,1
16359,6,9,1750.92,1
16360,4,6,3512.53,1
16361,9,4,896.66,1
16362,31,5,734.77,1
16363,52,1,109.36,1
16364,11,2,707.04,1
16365,17,9,1540.42,1
16366,18,1,327.3,1
16367,36,2,804.49,1
16368,1,2,497.43,1
16369,17,3,1553.66,1
16370,81,4,1320.56,1
16372,32,2,367.93,1
16374,65,2,473.03,1
16376,8,2,987.01,1
16377,266,1,676.2,0
16378,246,3,362.95,0
16379,3,4,2157.4,1
16380,60,1,1780.59,1
16383,74,2,668.36,1
16384,89,2,584.5,1
16385,59,3,555.89,1
16386,28,2,317.2,1
16387,322,1,94.36,0
16389,52,4,1382.0700000000002,1
16392,269,1,221.19,0
16393,1,13,3046.21,3
16394,56,5,1555.34,1
16395,59,5,1486.9,1
16398,153,2,1705.8,0
16399,18,2,408.57,1
16400,94,1,303.93,1
16401,0,12,4098.32,3
16402,264,2,299.6,0
16403,311,1,177.5,0
16404,69,1,443.05,1
16405,301,2,167.25,0
16406,18,1,163.07,1
16407,12,10,2126.93,1
16409,35,5,2028.88,1
16411,18,2,214.65,1
16412,53,1,151.83,1
16413,56,1,262.2,1
16414,21,2,126.25,1
16415,43,1,210.35,1
16416,25,3,1051.4,1
16418,44,3,675.27,1
16419,112,6,972.23,1
16422,16,51,34684.4,2
16423,24,1,346.12,1
16424,190,1,133.56,0
16425,301,1,302.7,0
16426,1,10,1908.25,1
16427,262,2,241.06,0
16429,105,1,284.55,1
16430,56,1,300.85,1
16431,212,3,642.81,0
16432,63,1,287.40000000000003,1
16433,27,1,184.26,1
16434,28,7,1522.25,1
16438,5,5,798.35,1
16440,7,5,3640.67,1
16441,66,2,381.2,1
16442,1,3,616.79,1
16444,45,4,654.67,1
16445,33,1,230.51,1
16446,0,2,168472.5,2
16447,135,1,259.01,1
16448,197,1,188.89,0
16449,197,2,707.69,0
16450,149,1,311.92,0
16451,87,1,266.97,1
16454,44,2,6.9,1
16455,63,7,1841.18,1
16456,98,5,2158.37,1
16457,217,1,208.36,0
16458,2,18,3482.74,3
16460,27,3,814.72,1
16461,177,1,151.42,0
16462,73,3,136.0,1
16463,20,4,1422.4,1
16464,19,3,1314.68,1
16466,33,7,1603.46,1
16468,73,1,74.9,1
16469,23,4,650.43,1
16470,51,4,762.39,1
16471,274,1,223.95,0
16473,164,3,316.11,0
16474,6,7,1871.5,1
16475,87,4,544.3,1
16477,63,7,2494.46,1
16478,24,3,331.0,1
16479,9,2,300.83,1
16480,75,1,769.29,1
16482,15,1,220.62,1
16483,191,1,139.35,0
16484,173,2,404.3,0
16485,76,1,363.65,1
16488,32,3,498.8,1
16491,46,1,731.5,1
16493,79,4,1351.63,1
16494,296,1,826.53,0
16495,2,3,684.41,1
16496,8,3,1599.52,1
16497,49,6,2965.69,1
16498,160,2,100.97,0
16499,359,2,365.45,0
16500,4,6,400.86,1
16503,106,4,1431.93,1
16504,24,1,484.38,1
16505,31,1,777.6,1
16506,19,2,90.3,1
16509,296,1,363.7000000000001,0
16510,371,1,248.1,0
16511,21,3,950.26,1
16513,4,4,874.59,1
16515,51,5,1627.13,1
16516,29,1,101.7,1
16517,276,1,162.70000000000002,0
16518,60,2,484.32,1
16519,24,2,215.08,1
16520,185,3,1046.57,0
16523,1,21,9418.47,3
16525,1,26,13027.45,3
16526,171,1,290.36,0
16527,80,1,228.06,1
16528,3,1,244.41,1
16529,189,1,455.25,0
16531,21,7,1244.59,1
16532,17,3,6748.8,1
16533,18,3,1095.56,1
16535,4,1,593.75,1
16536,109,1,548.97,1
16539,2,4,1388.81,1
16542,53,1,119.62,1
16545,164,1,339.3,0
16546,290,2,787.15,0
16549,9,10,4154.64,1
16550,108,5,2298.97,1
16551,95,3,922.12,1
16552,242,2,379.73,0
16553,162,12,5719.82,3
16554,41,3,837.1,1
16555,34,2,285.89,1
16556,66,7,3313.79,1
16557,23,2,281.85,1
16558,0,20,8338.49,3
16560,26,2,841.41,1
16561,5,2,511.12,1
16563,53,1,1077.74,1
16565,363,1,173.7,0
16566,14,5,614.66,1
16567,193,2,865.6,0
16569,2,1,124.2,1
16570,14,10,3738.4,1
16571,26,3,1421.69,1
16572,126,3,1009.6,1
16573,84,2,663.61,1
16574,70,1,451.44,1
16581,182,1,105.84,0
16582,112,1,313.62,1
16583,373,1,233.45,0
16584,79,2,936.08,1
16586,248,1,463.95,0
16587,231,1,225.15,0
16589,70,3,459.24,1
16591,68,1,213.5,1
16592,3,16,4113.68,3
16593,50,3,330.03,1
16594,74,1,181.09,1
16595,60,1,360.16,1
16596,15,2,250.15,1
16597,3,1,90.04,1
16598,285,1,145.05,0
16600,3,6,813.52,1
16601,40,1,244.8,1
16602,35,1,528.08,1
16603,74,2,482.47,1
16607,17,14,3347.71,3
16609,14,7,5493.46,1
16610,218,1,75.66,0
16611,185,1,129.49,0
16612,32,4,1187.66,1
16613,69,1,618.59,1
16614,182,1,506.19,0
16616,14,2,500.42,1
16617,235,1,151.85,0
16618,30,5,2647.59,1
16619,263,1,226.21,0
16620,3,2,178.96,1
16621,51,4,813.48,1
16623,245,1,129.45000000000002,0
16624,80,2,810.57,1
16625,273,1,333.08,0
16626,0,17,4413.1,3
16627,78,1,322.8,1
16628,29,5,2188.05,1
16629,73,2,417.73,1
16633,16,6,2883.1,1
16634,222,2,217.9,0
16637,31,4,1154.47,1
16638,22,10,1680.72,1
16639,30,3,1257.51,1
16641,105,1,231.1,1
16642,4,2,688.33,1
16643,245,1,487.51,0
16644,177,2,833.78,0
16647,169,2,214.06,0
16648,42,1,290.66,1
16650,71,1,518.42,1
16652,58,7,6773.97,1
16653,15,2,1212.66,1
16654,140,4,601.27,1
16655,17,6,3794.52,1
16656,21,15,8625.8,3
16657,9,4,933.62,1
16658,367,1,123.24,0
16659,188,1,39.12,0
16660,15,4,1267.65,1
16665,361,1,135.4,0
16666,18,1,118.98,1
16667,67,2,570.13,1
16668,14,6,306.72,1
16669,23,3,1374.87,1
16670,16,11,4095.9,3
16671,27,3,1692.27,1
16672,1,20,8134.94,3
16674,54,2,319.61,1
16676,33,4,1592.12,1
16678,2,12,3109.99,3
16679,365,1,129.75,0
16680,42,1,183.7,1
16681,72,6,1770.34,1
16682,4,5,1028.0,1
16684,3,28,66653.56,2
16685,60,2,324.24,1
16686,46,7,3062.83,1
16688,0,4,1260.86,1
16689,75,2,422.6,1
16690,71,2,225.58,1
16692,255,2,1276.0,0
16693,68,2,482.01,1
16696,134,4,657.9,1
16697,240,1,112.75,0
16698,226,2,1998.0,0
16700,8,13,5076.55,3
16701,8,13,5398.3,3
16705,0,20,14034.99,3
16706,36,3,531.35,1
16708,45,1,656.63,1
16709,84,5,3029.87,1
16710,18,10,2483.04,1
16711,2,5,1651.03,1
16712,8,11,3645.43,3
16713,18,15,6923.13,3
16714,218,3,1161.53,0
16715,77,1,301.72,1
16716,266,2,901.2,0
16717,23,6,3858.38,1
16718,368,1,623.75,0
16719,14,7,1790.42,1
16720,25,1,155.24,1
16721,261,1,292.47,0
16722,16,13,4730.81,3
16723,90,2,589.15,1
16725,301,7,781.02,0
16726,25,5,1382.02,1
16727,363,1,272.82,0
16728,45,4,1054.67,1
16729,37,21,7239.92,3
16730,51,3,743.11,1
16732,31,1,603.75,1
16734,51,3,650.51,1
16735,78,5,2300.56,1
16737,52,1,417.6,1
16738,297,1,3.75,0
16739,176,1,323.0,0
16742,46,1,464.9,1
16743,28,7,2238.09,1
16744,10,7,1304.76,1
16745,86,17,7194.3,3
16746,4,18,6697.66,3
16747,37,2,836.0600000000001,1
16748,17,5,1515.9,1
16750,44,5,623.93,1
16751,30,1,1764.72,1
16752,372,1,207.5,0
16753,57,1,223.92,1
16754,371,1,2002.4,0
16755,113,3,1496.83,1
16756,214,1,239.4,0
16757,318,1,106.83,0
16758,64,1,369.34,1
16759,7,3,789.79,1
16761,96,1,316.62,1
16762,19,3,1501.38,1
16763,198,1,611.8499999999999,0
16764,3,13,2799.25,3
16765,293,1,34.0,0
16766,272,2,1145.6,0
16767,30,11,5580.6,3
16768,47,3,478.09,1
16769,259,1,380.39,0
16770,57,5,770.1,1
16771,32,5,2246.81,1
16773,56,1,171.59,1
16774,67,4,661.52,1
16775,9,11,1695.66,1
16776,59,1,388.28,1
16777,79,2,226.35,1
16778,73,2,245.94,1
16779,1,22,10629.72,3
16780,99,2,425.19,1
16781,371,1,311.25,0
16782,9,13,2279.9,3
16784,19,1,107.6,1
16788,122,2,597.48,1
16789,7,1,80.80000000000001,1
16790,3,6,1545.62,1
16791,28,7,1721.78,1
16792,281,2,110.38,0
16793,56,1,243.84,1
16794,0,10,1222.71,1
16795,364,1,414.88,0
16796,88,1,305.62,1
16800,10,1,1201.49,1
16801,162,4,1619.73,0
16803,64,1,332.3,1
16804,22,3,536.99,1
16805,173,2,460.59,0
16806,102,4,801.49,1
16807,142,3,1121.59,1
16808,98,2,288.42,1
16809,22,5,914.69,1
16810,191,1,309.54,0
16811,4,2,547.07,1
16812,360,1,479.35,0
16813,7,10,1692.98,1
16814,13,21,6509.1,3
16816,102,4,417.06,1
16817,2,9,1604.75,1
16818,10,11,3349.57,3
16820,95,1,497.61,1
16823,226,1,358.38,0
16824,15,2,460.64,1
16825,38,2,775.18,1
16826,50,1,341.7,1
16828,92,2,128.5,1
16829,156,1,197.22,0
16830,38,1,325.91,1
16832,183,3,199.15,0
16833,0,4,1106.53,1
16834,227,1,413.46,0
16835,127,2,180.85,1
16836,39,2,251.87,1
16837,30,11,3170.98,3
16838,196,2,588.85,0
16839,8,34,16594.35,3
16841,36,6,1869.82,1
16842,100,3,1264.19,1
16843,42,16,10196.57,3
16846,49,1,214.32,1
16847,42,1,193.44,1
16848,52,1,281.42,1
16849,186,1,124.57,0
16850,333,1,332.41,0
16851,3,3,342.45,1
16852,9,2,144.91,1
16855,23,2,328.40000000000003,1
16856,14,1,35.400000000000006,1
16858,368,1,375.69000000000005,0
16859,144,2,747.81,1
16861,59,2,173.76,1
16863,30,2,502.8,1
16866,140,3,207.74,1
16869,22,4,825.4200000000001,1
16871,21,6,2812.34,1
16872,76,3,680.02,1
16873,4,6,7123.62,1
16875,66,5,2095.53,1
16877,11,6,853.72,1
16878,83,1,13.3,1
16880,30,7,1519.08,1
16881,66,1,432.0,1
16882,66,3,705.12,1
16883,186,2,276.73,0
16884,37,2,429.84,1
16885,14,3,471.51,1
16887,34,1,194.88,1
16889,194,3,1578.67,0
16891,1,5,809.7,1
16892,0,5,525.54,1
16893,366,1,145.93,0
16895,64,1,219.14,1
16897,298,2,289.78,0
16898,25,3,508.81,1
16899,7,6,1281.56,1
16900,16,3,887.11,1
16902,115,1,1706.88,1
16903,28,1,373.24,1
16904,3,16,3754.27,3
16905,4,7,3102.43,1
16906,81,4,579.77,1
16907,28,5,981.65,1
16909,71,1,379.14,1
16910,3,8,1510.06,1
16912,28,11,2575.38,1
16913,289,1,113.44,0
16914,35,1,208.46,1
16915,8,6,621.6800000000001,1
16916,23,2,576.26,1
16917,276,1,391.52,0
16918,48,6,1068.82,1
16919,155,11,2596.45,1
16921,60,1,169.79,1
16923,11,19,7247.61,3
16924,20,3,846.75,1
16926,370,1,230.25,0
16927,115,3,543.05,1
16928,79,17,2847.6,3
16929,3,7,1295.39,1
16930,25,3,380.55,1
16931,4,21,4604.22,3
16932,52,1,161.94,1
16933,0,2,563.23,1
16934,54,2,950.93,1
16936,25,1,262.68,1
16938,8,4,2736.38,1
16940,51,3,3049.88,1
16942,12,9,1920.59,1
16943,211,3,816.73,0
16945,21,19,4345.5,3
16947,235,1,406.48,0
16948,138,3,435.02,1
16949,3,6,1286.27,1
16950,56,3,1178.56,1
16951,134,3,1277.75,1
16952,108,2,167.61,1
16953,29,1,20.8,1
16954,0,9,2085.08,1
16955,184,4,518.67,0
16956,17,1,308.74,1
16957,238,2,416.64,0
16959,86,1,117.35,1
16960,38,3,507.05,1
16961,115,1,234.17,1
16963,186,1,110.55,0
16965,226,1,201.19,0
16966,7,7,2154.97,1
16967,188,1,319.02,0
16968,3,2,439.43,1
16969,38,3,650.41,1
16971,37,1,357.21,1
16976,266,1,251.52,0
16978,76,1,344.33,1
16979,3,6,1852.0,1
16980,254,2,1078.96,0
16982,60,1,384.06,1
16983,12,7,1931.25,1
16984,87,2,4481.35,1
16985,16,10,5464.12,3
16986,29,2,1873.2,1
16987,2,7,1625.05,1
16988,4,1,126.12,1
16989,6,6,1133.25,1
16990,218,1,179.0,0
16992,10,5,1614.31,1
16996,29,6,1456.96,1
16997,287,3,702.0,0
16998,149,4,295.0,0
16999,22,2,484.82,1
17001,0,11,3989.57,3
17002,85,3,1493.73,1
17004,45,2,1412.94,1
17006,4,4,781.78,1
17007,50,6,889.9300000000001,1
17010,17,1,195.36,1
17011,29,1,270.9,1
17014,7,3,586.33,1
17015,28,3,1842.56,1
17017,2,20,8694.26,3
17018,40,2,920.1,1
17019,10,4,1272.61,1
17022,30,1,71.0,1
17024,44,3,95.85,1
17025,60,3,357.77,1
17026,184,2,154.83,0
17027,78,6,890.29,1
17029,110,2,716.0,1
17030,63,1,146.87,1
17031,11,2,380.35,1
17033,85,3,1030.14,1
17034,15,3,745.52,1
17035,245,2,433.53,0
17037,87,1,1267.32,1
17038,29,1,112.4,1
17040,137,1,449.73,1
17041,26,3,1081.57,1
17042,2,5,1044.38,1
17043,31,4,1735.18,1
17044,24,1,948.48,1
17045,112,3,339.44,1
17046,156,1,642.02,0
17047,84,3,1100.9,1
17048,117,3,925.35,1
17049,2,9,5659.9800000000005,1
17050,95,6,3228.84,1
17051,193,1,247.14,0
17052,27,1,413.75,1
17053,130,1,498.48,1
17054,27,5,1356.33,1
17058,81,3,1179.89,1
17059,29,5,3095.04,1
17060,265,1,234.24,0
17061,73,11,5232.2300000000005,3
17062,313,4,538.37,0
17063,20,7,1461.14,1
17064,58,3,859.35,1
17068,11,21,4552.14,3
17069,27,9,2709.7000000000003,1
17070,113,1,312.14,1
17071,27,9,2429.03,1
17073,17,4,1446.09,1
17075,17,4,834.12,1
17076,35,3,841.0799999999999,1
17078,35,2,378.2,1
17079,77,1,118.8,1
17080,21,2,287.62,1
17081,24,2,290.16,1
17082,32,2,2003.85,1
17083,108,3,1405.78,1
17084,34,2,2949.75,1
17085,122,5,1566.65,1
17086,6,6,2050.08,1
17088,27,4,1991.01,1
17090,3,7,2043.95,1
17091,2,9,3827.76,1
17092,49,4,1777.78,1
17094,321,1,302.0,0
17095,22,3,1324.16,1
17096,14,4,1022.13,1
17100,17,2,971.74,1
17101,9,4,1621.73,1
17102,261,1,25.5,0
17105,158,2,665.78,0
17107,32,6,10815.43,1
17109,28,6,885.04,1
17110,164,1,163.29999999999998,0
17111,46,1,248.61,1
17114,5,8,808.62,1
17115,7,3,837.5,1
17117,287,1,116.2,0
17118,317,1,157.02,0
17119,2,2,606.91,1
17120,232,1,307.46,0
17122,118,1,138.32,1
17123,161,1,345.3,0
17124,184,1,298.89,0
17125,49,1,259.35,1
17126,151,5,1004.75,0
17128,334,1,157.09,0
17131,4,5,2463.17,1
17133,15,7,4892.240000000001,1
17134,106,2,425.0,1
17135,15,7,1139.73,1
17138,275,1,380.5,0
17139,15,12,10668.47,3
17140,246,1,465.32,0
17142,238,1,579.0,0
17144,0,2,984.57,1
17146,105,3,749.78,1
17147,22,4,1714.59,1
17148,51,1,124.88,1
17152,194,3,1689.5,0
17153,23,1,213.78,1
17154,74,1,329.34,1
17155,17,2,251.7,1
17157,7,2,319.0,1
17158,31,3,1266.97,1
17159,21,3,1538.88,1
17160,30,6,3518.03,1
17162,28,10,1715.46,1
17163,21,2,293.1,1
17164,32,7,2467.35,1
17165,283,1,158.68,0
17166,38,2,206.34,1
17169,57,2,835.78,1
17171,288,1,224.91,0
17172,78,1,317.76,1
17173,4,8,3766.6,1
17174,217,1,59.9,0
17175,43,4,1443.69,1
17176,201,1,306.13,0
17179,177,3,711.79,0
17180,55,4,796.03,1
17181,56,2,239.92,1
17183,7,6,3347.31,1
17186,46,2,144.0,1
17187,226,1,203.95,0
17188,10,7,2474.23,1
17189,105,2,384.4,1
17190,58,2,444.74,1
17191,27,7,2095.13,1
17193,35,7,1699.3,1
17194,273,2,262.62,0
17197,29,1,1013.01,1
17198,23,3,692.22,1
17201,53,1,342.63,1
17203,35,6,3563.85,1
17204,174,4,1564.56,0
17205,53,1,384.08,1
17206,52,1,204.24,1
17211,26,8,2317.2200000000003,1
17212,252,1,226.85,0
17213,39,7,2781.23,1
17214,59,6,1069.12,1
17217,233,1,113.5,0
17218,3,10,1960.72,1
17219,31,1,114.23,1
17220,23,14,3198.25,3
17221,6,2,335.13,1
17222,64,1,354.15,1
17223,309,2,426.79,0
17226,308,1,393.49,0
17227,18,6,939.32,1
17228,15,8,1906.09,1
17229,95,2,318.76,1
17230,263,8,3638.41,0
17231,11,10,3174.32,1
17232,2,2,421.52,1
17233,34,1,190.88,1
17234,182,1,149.89,0
17235,24,2,550.0600000000001,1
17236,12,6,916.13,1
17237,10,2,314.69,1
17238,2,17,3744.65,3
17239,312,1,382.5,0
17242,107,2,1135.04,1
17243,0,26,8676.85,3
17244,52,1,954.9,1
17245,204,1,171.45000000000002,0
17247,14,1,282.19,1
17248,119,1,318.65,1
17250,3,2,384.52,1
17251,362,1,283.28000000000003,0
17252,116,2,353.86,1
17253,17,1,178.26,1
17254,4,2,272.44,1
17255,40,2,298.41,1
17256,106,2,240.0,1
17259,147,2,603.37,0
17262,51,5,1253.36,1
17263,207,1,63.440000000000005,0
17265,138,2,562.9,1
17266,1,3,310.64,1
17267,126,2,317.62,1
17268,107,4,763.64,1
17272,41,4,2148.63,1
17274,34,1,111.98,1
17277,227,2,1065.35,0
17278,240,1,246.04,0
17279,57,1,187.83,1
17282,129,3,1703.41,1
17284,59,6,1652.58,1
17286,21,1,153.92,1
17287,25,7,1064.11,1
17288,8,7,1419.73,1
17289,31,3,944.41,1
17290,3,2,525.24,1
17291,307,1,550.8000000000001,0
17293,7,9,1875.11,1
17295,28,3,556.95,1
17297,16,1,131.78,1
17298,100,2,498.42,1
17299,11,4,669.11,1
17301,20,1,197.63,1
17302,14,5,1135.63,1
17303,360,1,250.04,0
17306,10,19,8631.31,3
17309,94,1,82.75,1
17311,77,2,1384.85,1
17312,138,3,644.3,1
17313,30,1,2328.84,1
17314,24,8,2527.92,1
17315,1,38,6292.26,3
17317,45,3,2600.34,1
17320,99,3,1200.62,1
17321,7,2,700.86,1
17323,14,7,921.07,1
17324,17,4,990.23,1
17325,279,1,96.8,0
17329,13,2,523.11,1
17330,22,2,363.9,1
17331,123,1,175.2,1
17333,85,1,494.25,1
17334,301,2,307.02000000000004,0
17337,150,4,2027.87,0
17338,16,8,6643.93,1
17339,93,2,243.36,1
17340,29,11,12353.29,3
17341,156,3,781.36,0
17343,354,1,193.64,0
17344,45,1,160.57,1
17345,14,4,537.74,1
17346,3,15,2676.56,3
17347,85,1,228.96,1
17348,14,5,1159.52,1
17349,178,1,110.75,0
17350,7,4,1286.07,1
17351,35,3,587.15,1
17353,128,2,1740.0,1
17354,50,1,1393.06,1
17356,311,1,178.22,0
17357,23,2,388.14,1
17358,302,2,365.85,0
17359,10,1,127.86,1
17360,16,3,585.79,1
17361,48,3,488.2,1
17362,238,2,312.23,0
17364,0,11,4481.18,3
17365,12,8,4801.56,1
17367,237,1,168.4,0
17368,22,8,1912.67,1
17370,72,4,446.18,1
17371,16,3,423.89,1
17372,40,8,1342.68,1
17373,39,4,646.92,1
17374,218,2,495.77,0
17375,198,3,400.1,0
17376,70,2,203.2,1
17377,23,20,4100.92,3
17379,10,1,404.66,1
17381,8,29,20275.61,3
17382,64,1,65.4,1
17383,3,1,199.29,1
17384,18,2,336.4,1
17385,14,1,261.11,1
17386,7,6,2686.42,1
17387,19,2,784.11,1
17388,77,4,1259.56,1
17389,0,34,31833.68,3
17391,163,2,508.8,0
17392,306,2,457.91,0
17394,218,1,203.87,0
17396,38,8,7330.8,1
17397,21,2,696.41,1
17398,114,3,653.38,1
17400,125,5,2129.96,1
17402,4,13,2633.85,3
17403,35,1,281.62,1
17405,0,3,1031.41,1
17406,332,3,2200.42,0
17408,162,1,32.65,0
17409,184,2,771.85,0
17410,15,5,1214.72,1
17411,11,3,778.94,1
17412,2,7,1258.06,1
17414,43,2,778.0,1
17415,78,1,507.84,1
17416,29,7,6893.42,1
17418,41,2,463.46,1
17419,10,12,4226.57,3
17420,49,3,598.83,1
17422,15,6,1979.37,1
17423,45,2,698.41,1
17425,18,2,759.1700000000001,1
17426,7,6,5037.26,1
17427,71,1,100.8,1
17428,0,28,17256.85,3
17429,127,3,524.9200000000001,1
17430,32,2,265.76,1
17431,312,1,403.3,0
17432,17,2,365.76,1
17433,87,1,303.16,1
17434,1,7,2373.82,1
17436,1,2,216.3,1
17438,253,1,388.4500000000001,0
17440,156,3,186.42,0
17442,36,6,2248.56,1
17446,176,2,120.9,0
17447,39,2,541.53,1
17449,1,7,2520.86,1
17450,7,46,194550.79,2
17451,0,7,1721.4,1
17453,17,2,486.72,1
17454,191,4,517.53,0
17455,203,1,131.7,0
17456,364,1,249.86,0
17457,126,5,1737.7,1
17458,14,1,316.5,1
17459,42,2,657.3,1
17460,93,6,622.4300000000001,1
17461,22,3,757.46,1
17462,59,2,675.69,1
17463,15,5,1896.41,1
17464,157,1,289.96000000000004,0
17466,9,2,763.28,1
17468,9,2,137.0,1
17469,15,5,1870.97,1
17470,44,5,1125.07,1
17472,190,3,710.29,0
17475,78,1,194.37,1
17480,77,1,511.82,1
17481,3,4,1255.59,1
17483,64,3,414.04,1
17486,260,1,396.87,0
17489,58,2,376.64,1
17490,0,7,2092.32,1
17491,0,10,3558.87,1
17492,247,1,374.57,0
17495,7,2,497.56,1
17496,358,1,271.05,0
17498,75,1,272.22,1
17499,289,1,622.88,0
17500,16,3,1138.0,1
17501,220,2,288.6,0
17502,8,4,689.1,1
17503,2,2,558.96,1
17504,205,9,2997.03,0
17505,160,2,1145.84,0
17506,75,1,302.2,1
17507,261,2,605.58,0
17509,57,8,6115.14,1
17510,24,1,308.48,1
17511,2,31,91062.38,2
17512,28,10,2924.99,1
17513,71,1,513.2,1
17514,127,1,208.65,1
17515,30,4,639.02,1
17516,14,5,768.08,1
17517,308,1,153.94,0
17519,16,6,1844.02,1
17520,53,1,546.81,1
17521,29,3,723.21,1
17522,1,5,1070.71,1
17523,10,4,652.74,1
17524,360,1,145.0,0
17525,359,1,422.7,0
17526,4,4,1195.9,1
17527,53,4,939.37,1
17528,0,8,3628.5,1
17530,0,10,2385.0,1
17531,189,1,296.7,0
17534,53,1,223.36,1
17535,279,1,164.4,0
17536,176,1,76.5,0
17537,29,2,897.62,1
17538,25,1,98.42,1
17540,24,2,578.9,1
17542,269,1,170.75,0
17545,42,3,645.96,1
17548,233,1,103.3,0
17549,23,2,148.86,1
17550,196,3,267.16,0
17551,358,1,306.84,0
17552,59,4,930.41,1
17553,129,1,1487.6,1
17554,0,5,1952.45,1
17555,19,2,483.26,1
17556,205,1,157.9,0
17557,13,3,541.46,1
17560,94,4,854.95,1
17561,18,1,167.62,1
17562,13,7,1122.38,1
17564,23,3,454.01,1
17566,7,2,901.21,1
17567,6,8,4331.48,1
17569,331,1,344.14,0
17571,49,4,1498.51,1
17572,70,4,226.75000000000003,1
17573,28,3,380.6,1
17574,242,1,185.65,0
17576,7,19,3622.68,3
17578,217,1,143.45999999999998,0
17579,4,3,448.9,1
17580,252,3,215.72,0
17581,0,25,11045.04,3
17582,235,1,175.27,0
17584,6,2,1242.3,1
17585,108,4,1133.07,1
17588,99,3,1240.2,1
17589,59,4,2404.17,1
17590,1,3,1479.22,1
17591,72,7,2225.9700000000003,1
17593,3,5,3927.34,1
17594,84,2,993.18,1
17595,11,2,388.79,1
17596,22,7,2827.93,1
17597,213,1,2044.37,0
17600,17,1,161.67000000000002,1
17601,238,1,116.01,0
17602,1,6,5102.97,1
17603,77,1,394.72,1
17604,216,2,309.36,0
17608,32,2,193.42,1
17609,40,5,1112.22,1
17611,6,15,3984.22,3
17612,52,6,2048.45,1
17613,22,14,4559.150000000001,3
17614,56,1,390.07,1
17615,129,3,329.6,1
17616,173,3,571.1999999999999,0
17618,5,3,971.58,1
17619,311,1,218.52,0
17620,59,1,81.44,1
17621,20,3,1379.9,1
17623,32,1,527.05,1
17624,14,2,843.48,1
17625,17,4,2047.0,1
17628,80,1,75.75,1
17629,5,8,1814.12,1
17630,169,2,503.6,0
17631,1,3,528.33,1
17633,30,4,1324.84,1
17634,35,9,2361.9700000000003,1
17636,18,1,285.56,1
17637,30,2,547.0600000000001,1
17639,275,1,108.5,0
17640,86,1,621.66,1
17642,119,2,712.29,1
17643,372,1,101.55,0
17644,0,11,2895.64,3
17646,218,3,1008.39,0
17647,64,1,133.06,1
17648,60,4,1797.5,1
17649,137,1,868.49,1
17650,20,1,166.07999999999998,1
17651,11,10,3945.0,1
17652,24,12,4867.72,3
17653,36,4,1207.56,1
17654,276,1,117.55,0
17655,10,7,2638.94,1
17656,72,5,1674.69,1
17658,25,2,595.42,1
17659,16,12,2999.46,3
17660,140,1,196.0,1
17663,25,7,1802.91,1
17664,18,2,604.64,1
17666,3,2,728.16,1
17667,65,5,2055.51,1
17668,0,2,347.75,1
17669,42,7,3406.7200000000003,1
17670,227,1,205.7,0
17671,15,4,1572.71,1
17672,49,2,3178.17,1
17673,0,6,1629.12,1
17674,73,2,551.04,1
17675,0,31,20374.28,3
17676,3,6,1387.68,1
17677,1,30,16363.23,3
17678,263,1,298.11,0
17679,52,2,1992.11,1
17680,23,1,184.4,1
17682,9,6,2474.33,1
17684,43,1,239.41,1
17685,16,7,3191.53,1
17686,6,7,5739.46,1
17690,29,15,4757.95,3
17691,357,2,290.40000000000003,0
17692,126,4,740.94,1
17693,136,1,200.47,1
17694,141,1,283.12,1
17695,131,2,765.34,1
17696,37,8,2285.71,1
17697,235,1,338.95,0
17698,260,1,154.95,0
17700,16,4,2534.64,1
17701,252,1,417.95,0
17702,29,4,1824.37,1
17703,34,3,798.74,1
17704,168,2,885.19,0
17705,2,9,1823.52,1
17706,3,17,10504.49,3
17707,184,2,152.4,0
17708,187,2,267.08,0
17709,169,1,137.45,0
17711,10,2,385.1,1
17712,44,1,522.91,1
17714,320,1,153.0,0
17715,200,1,326.4,0
17716,22,11,5655.99,3
17718,231,1,139.35,0
17719,37,15,5396.04,3
17720,25,4,1195.94,1
17722,95,4,2424.04,1
17723,126,6,3276.4000000000005,1
17724,70,3,1033.0,1
17725,15,11,3439.08,3
17727,14,1,1060.25,1
17728,3,3,2876.01,1
17730,2,13,5298.4800000000005,3
17731,78,4,1240.11,1
17732,372,1,303.97,0
17733,38,2,692.19,1
17734,53,3,700.63,1
17735,1,19,13110.02,3
17736,8,3,377.44,1
17737,8,2,168.24,1
17738,18,4,1879.05,1
17739,11,7,2791.35,1
17742,112,2,355.11,1
17744,3,6,2322.4,1
17746,239,1,110.25,0
17747,112,1,71.4,1
17749,177,2,674.52,0
17750,4,9,1797.57,1
17752,358,1,80.64,0
17754,0,5,1772.26,1
17757,0,30,5605.29,3
17758,18,8,3456.7,1
17759,16,3,834.99,1
17760,21,2,287.59,1
17761,32,1,712.78,1
17763,262,1,15.0,0
17764,50,2,818.82,1
17765,158,3,371.88,0
17767,14,1,271.2,1
17768,7,3,2273.1800000000003,1
17769,12,10,3997.98,1
17770,198,5,1143.27,0
17771,56,2,245.81,1
17772,10,2,182.77,1
17774,96,4,1225.41,1
17775,254,1,56.4,0
17777,24,3,665.86,1
17779,20,3,658.57,1
17781,158,2,188.02,0
17783,71,2,283.47,1
17785,52,1,131.94,1
17786,84,2,278.74,1
17787,152,4,1865.19,0
17788,73,2,1117.9,1
17789,280,1,225.9,0
17790,26,14,1965.55,3
17791,29,1,106.1,1
17793,24,1,323.04,1
17795,179,2,350.39,0
17796,39,4,697.9,1
17797,21,3,780.43,1
17799,21,10,3055.93,1
17800,36,9,1199.01,1
17802,81,3,1285.04,1
17805,73,1,512.31,1
17806,10,1,546.04,1
17809,15,12,5411.91,3
17811,3,39,7837.73,3
17812,12,4,732.16,1
17813,13,5,1770.88,1
17816,36,4,36.56,1
17817,3,3,387.68,1
17819,71,7,3704.87,1
17824,50,1,298.4,1
17827,4,5,1995.46,1
17830,1,3,398.7,1
17831,32,1,35.400000000000006,1
17832,49,1,155.37,1
17835,2,3,350.64,1
17836,46,1,110.21,1
17837,41,8,1593.38,1
17838,26,5,2779.3,1
17839,41,1,338.8,1
17841,1,124,40991.57,2
17843,302,1,205.48,0
17846,84,1,2033.1,1
17848,80,9,901.2,1
17849,217,4,605.8000000000001,0
17850,371,34,5391.21,3
17852,11,2,114.34,1
17854,184,2,311.26,0
17855,372,1,208.97,0
17856,1,4,1418.03,1
17857,3,23,26879.04,3
17858,5,12,5155.66,3
17859,304,1,148.21,0
17860,368,1,252.8,0
17861,2,8,2100.8,1
17862,323,1,330.9,0
17863,58,6,3160.0,1
17864,12,3,597.5,1
17865,30,20,10526.32,3
17866,142,1,329.65000000000003,1
17867,29,6,1197.1,1
17869,106,5,428.18,1
17870,1,12,1894.35,3
17871,204,1,155.9,0
17873,79,5,1859.16,1
17874,184,6,683.46,0
17877,169,1,237.61,0
17878,43,1,379.45,1
17879,173,1,178.52,0
17880,364,1,458.92,0
17881,303,1,133.35,0
17883,2,4,671.77,1
17884,3,4,717.45,1
17885,11,1,190.19,1
17886,31,3,899.61,1
17887,128,1,111.35,1
17888,20,8,726.05,1
17889,211,2,203.87,0
17890,322,2,602.09,0
17891,161,1,203.86,0
17892,55,3,244.1,1
17893,224,1,112.25,0
17894,71,8,1119.81,1
17895,43,1,98.0,1
17896,22,1,256.32,1
17897,172,3,566.6,0
17898,84,2,152.06,1
17899,158,1,155.8,0
17900,189,2,112.2,0
17901,28,1,110.38,1
17904,20,1,191.67,1
17905,70,4,800.24,1
17906,246,1,72.9,0
17908,373,1,243.28,0
17911,8,1,366.23,1
17912,309,5,311.01,0
17913,58,2,411.6,1
17914,3,1,336.43,1
17917,44,3,341.28,1
17919,87,1,1304.04,1
17920,3,17,4204.1,3
17921,63,4,826.52,1
17923,281,1,207.50000000000003,0
17924,11,7,2962.5,1
17925,372,1,244.08,0
17926,132,2,397.29,1
17928,44,2,212.54,1
17929,10,4,843.0,1
17930,35,5,1740.48,1
17931,133,2,408.36,1
17932,28,3,1331.57,1
17934,51,2,704.25,1
17935,137,2,145.79,1
17936,4,1,389.84,1
17937,8,7,4301.22,1
17939,159,1,99.14,0
17940,48,10,4106.4400000000005,1
17941,130,1,304.56,1
17942,7,1,77.50000000000001,1
17946,232,2,149.57999999999998,0
17947,36,1,176.68,1
17948,146,1,358.56000000000006,0
17949,0,45,58510.48,2
17950,71,3,482.2,1
17951,39,3,1008.54,1
17954,4,12,2332.72,3
17955,198,4,557.3,0
17956,248,1,12.75,0
17957,65,1,111.68,1
17958,116,1,508.46,1
17960,170,1,73.78,0
17961,20,39,1296.44,3
17962,141,1,102.83,1
17964,31,2,471.7,1
17965,37,14,2622.57,3
17966,37,5,1098.43,1
17967,371,1,123.07,0
17968,373,1,277.35,0
17969,165,2,228.2,0
17970,210,1,582.59,0
17972,241,1,136.04,0
17973,51,1,337.04,1
17974,24,3,740.79,1
17975,14,13,4488.81,3
17976,371,1,353.19,0
17977,28,1,288.14,1
17978,364,1,300.92,0
17979,35,4,757.71,1
17980,165,3,811.45,0
17984,144,1,152.68,0
17985,21,1,634.95,1
17986,55,1,20.8,1
17987,184,1,198.57,0
17988,11,7,201.12,1
17990,236,3,630.84,0
17991,224,2,93.35,0
17994,121,4,678.49,1
17995,281,1,76.1,0
17997,73,8,1970.67,1
17999,36,2,382.06,1
18001,11,2,417.23,1
18004,361,1,169.47,0
18005,3,2,249.72,1
18006,22,1,444.68,1
18008,69,9,2116.19,1
18009,234,1,257.34,0
18010,256,1,174.8,0
18011,372,1,102.79,0
18013,154,2,187.29,0
18014,27,1,166.42,1
18015,3,1,120.03,1
18016,31,5,1483.56,1
18017,80,3,523.0,1
18018,107,2,122.14,1
18019,51,1,38.45,1
18022,35,1,668.11,1
18024,152,2,389.78,0
18027,98,1,115.31,1
18030,3,2,230.65,1
18032,333,1,73.5,0
18033,64,1,97.97,1
18034,21,2,422.88,1
18035,35,3,730.4,1
18036,31,3,405.62,1
18037,153,6,70.02,0
18040,18,2,357.20000000000005,1
18041,11,21,4183.39,3
18042,53,1,165.04999999999998,1
18043,24,3,559.51,1
18044,3,10,2088.6,1
18045,44,1,189.4,1
18048,202,2,172.29000000000002,0
18050,358,1,74.4,0
18053,70,1,300.02,1
18055,6,10,6784.1900000000005,3
18056,287,1,363.65,0
18058,9,1,170.16,1
18059,22,3,306.46,1
18061,21,10,2119.41,1
18062,172,3,720.52,0
18064,132,2,814.0,1
18065,5,14,2392.83,3
18066,74,1,318.0,1
18067,39,1,396.33,1
18068,288,1,101.7,0
18069,25,5,2036.67,1
18071,257,2,453.0,0
18072,185,1,247.44,0
18073,113,12,3877.52,3
18074,373,1,489.6,0
18075,22,10,2611.75,1
18077,7,11,2633.01,3
18078,216,2,336.13,0
18079,44,4,3651.97,1
18080,18,2,1231.5,1
18081,35,3,343.45,1
18082,25,1,703.37,1
18084,15,1,90.48,1
18085,329,2,689.95,0
18086,273,1,101.34,0
18087,97,2,4055.72,1
18088,60,1,167.67000000000002,1
18092,1,11,9068.26,3
18093,92,4,2106.52,1
18094,81,7,3017.3,1
18095,311,2,580.05,0
18096,11,3,911.15,1
18097,7,6,2697.8,1
18099,126,1,168.31,1
18101,10,2,223.65,1
18102,0,60,259657.3,2
18104,36,1,754.64,1
18105,37,1,113.48000000000002,1
18106,329,1,430.7,0
18108,253,1,271.0,0
18109,1,26,8052.97,3
18110,19,1,236.3,1
18112,11,2,352.69,1
18113,368,1,76.32000000000001,0
18114,289,1,220.1,0
18116,67,8,1418.03,1
18117,25,1,320.72,1
18118,10,26,5653.82,3
18119,367,1,181.12,0
18120,213,1,111.15,0
18121,148,2,673.1,0
18122,7,6,1826.21,1
18123,23,2,589.4399999999999,1
18125,29,4,1142.99,1
18126,60,1,206.83,1
18127,18,3,348.73,1
18129,242,1,112.55,0
18130,14,3,1059.39,1
18133,211,1,931.5,0
18135,28,5,681.91,1
18136,62,3,784.33,1
18138,294,1,152.65,0
18139,17,6,8438.34,1
18142,156,2,1019.52,0
18143,116,2,1000.16,1
18144,7,12,2888.75,3
18145,12,4,2861.55,1
18146,140,2,160.35,1
18147,45,2,179.34,1
18149,50,3,612.0799999999999,1
18150,31,3,566.58,1
18151,134,2,653.35,1
18154,2,2,399.19,1
18155,74,3,371.62,1
18156,12,2,734.94,1
18158,8,2,453.4,1
18159,300,1,530.15,0
18160,56,2,638.0600000000001,1
18161,14,5,1618.69,1
18164,36,1,399.65,1
18165,176,1,302.46,0
18167,22,3,1384.86,1
18168,175,6,1169.94,0
18169,60,1,202.65,1
18170,32,3,980.31,1
18171,58,5,1231.31,1
18172,14,20,7561.68,3
18173,86,4,2106.84,1
18174,6,1,104.0,1
18176,357,1,476.35,0
18177,30,6,1341.42,1
18178,128,4,1590.81,1
18179,8,6,1793.17,1
18180,4,6,1843.75,1
18181,23,1,382.8,1
18183,226,2,632.07,0
18184,14,1,49.8,1
18185,248,1,304.25,0
18188,14,3,2001.04,1
18189,77,2,1090.24,1
18190,191,2,284.46000000000004,0
18191,261,1,207.8,0
18192,71,1,957.97,1
18193,164,1,243.76,0
18194,81,1,973.84,1
18196,94,2,689.13,1
18198,3,17,5425.56,3
18200,105,1,163.8,1
18202,199,3,1396.99,0
18203,156,1,160.42000000000002,0
18204,70,3,1993.7,1
18205,35,2,517.36,1
18209,28,1,139.10000000000002,1
18210,1,6,2621.38,1
18211,25,5,600.07,1
18212,325,1,248.42,0
18213,236,1,232.48,0
18215,88,1,299.34000000000003,1
18216,30,1,481.75,1
18217,28,2,621.75,1
18218,210,2,662.08,0
18219,2,10,2069.77,1
18220,226,1,305.28,0
18221,21,5,1041.61,1
18222,92,1,443.0,1
18223,4,14,6484.54,3
18224,263,1,158.95000000000002,0
18225,2,12,5509.12,3
18226,43,11,5228.05,3
18227,217,1,93.75,0
18228,56,2,779.9,1
18229,11,20,7276.9,3
18230,8,7,2810.2000000000003,1
18231,191,5,2083.27,0
18232,81,4,592.97,1
18233,325,1,440.0,0
18235,71,3,1796.48,1
18236,29,6,882.24,1
18237,2,5,987.1,1
18239,218,5,1561.61,0
18240,45,1,422.58,1
18241,9,17,2073.09,3
18242,71,4,2232.49,1
18245,6,7,2567.06,1
18246,23,2,596.1,1
18248,122,2,804.02,1
18249,16,1,95.34,1
18250,309,1,349.27,0
18251,86,1,4314.72,1
18252,50,2,526.67,1
18255,88,1,103.3,1
18257,38,8,2337.63,1
18259,24,3,2338.6,1
18260,172,6,2643.2000000000003,0
18261,42,2,324.24,1
18262,139,1,149.48,1
18263,25,3,1213.16,1
18265,71,2,801.51,1
18268,133,1,25.5,1
18269,365,1,168.60000000000002,0
18270,37,2,283.15000000000003,1
18272,2,6,3078.58,1
18273,1,3,204.0,1
18274,29,1,175.92,1
18276,43,1,335.86,1
18277,57,1,110.38,1
18278,73,1,173.9,1
18280,277,1,180.6,0
18281,180,1,80.82,0
18282,7,2,178.05,1
18283,3,16,2094.88,3
18287,42,3,1837.28,1
